Customer_ID,Signup_Date,Signup_Month,Region,Plan,Acquisition_Channel,Monthly_Fee,Tenure_Months,Support_Tickets,Usage_Score,Payment_Issues,Discount_Used,Churned,Churn_Date,Churn_Reason,Customer_Lifetime_Value
CUST-0001,2025-11-24,2025-11,Middle East,Basic,Organic Search,19,2,2,61,No,No,Yes,2025-12-31,Price too high,38
CUST-0002,2025-09-16,2025-09,Europe,Pro,Referral,49,4,1,50,No,No,No,,,196
CUST-0003,2025-05-23,2025-05,Asia-Pacific,Basic,Paid Ads,19,8,2,59,No,No,No,,,152
CUST-0004,2025-07-05,2025-07,Middle East,Pro,Organic Search,49,2,1,82,Yes,No,Yes,2025-08-03,Payment issue,98
CUST-0005,2025-07-06,2025-07,Europe,Basic,Referral,19,6,1,28,Yes,No,No,,,114
CUST-0006,2025-04-23,2025-04,Asia-Pacific,Pro,Social Media,49,9,1,72,No,No,No,,,441
CUST-0007,2025-05-07,2025-05,Europe,Pro,Social Media,49,8,0,78,No,No,No,,,392
CUST-0008,2025-07-17,2025-07,Asia-Pacific,Basic,Paid Ads,19,6,4,48,Yes,No,Yes,2025-12-15,Low product usage,114
CUST-0009,2025-01-02,2025-01,Asia-Pacific,Enterprise,Organic Search,149,9,0,75,No,No,Yes,2025-09-29,Missing features,1341
CUST-0010,2025-02-27,2025-02,Asia-Pacific,Enterprise,Social Media,149,4,1,81,No,No,Yes,2025-05-31,Poor support experience,596
CUST-0011,2025-03-07,2025-03,Asia-Pacific,Pro,Organic Search,49,10,0,63,No,No,No,,,490
CUST-0012,2025-01-11,2025-01,North America,Pro,Organic Search,49,3,3,78,No,No,Yes,2025-03-10,Price too high,147
CUST-0013,2025-09-06,2025-09,North America,Basic,Partner,19,3,0,46,No,No,Yes,2025-11-06,Low product usage,57
CUST-0014,2025-07-30,2025-07,Middle East,Basic,Referral,19,6,2,54,No,No,No,,,114
CUST-0015,2025-05-08,2025-05,North America,Enterprise,Social Media,149,2,1,69,No,No,Yes,2025-06-03,Switched competitor,298
CUST-0016,2025-05-02,2025-05,Europe,Basic,Organic Search,19,8,1,58,No,No,No,,,152
CUST-0017,2025-03-21,2025-03,North America,Basic,Organic Search,19,5,2,48,No,Yes,Yes,2025-07-22,Price too high,95
CUST-0018,2025-04-06,2025-04,North America,Basic,Social Media,19,2,0,79,No,No,Yes,2025-05-02,Low product usage,38
CUST-0019,2025-10-26,2025-10,North America,Pro,Organic Search,49,3,1,54,No,Yes,No,,,147
CUST-0020,2025-02-07,2025-02,Middle East,Basic,Referral,19,3,3,68,No,Yes,Yes,2025-04-06,Low product usage,57
CUST-0021,2025-03-22,2025-03,Europe,Basic,Organic Search,19,4,4,51,No,No,Yes,2025-06-17,Missing features,76
CUST-0022,2025-02-24,2025-02,North America,Pro,Organic Search,49,5,2,83,No,No,Yes,2025-06-29,Low product usage,245
CUST-0023,2025-05-22,2025-05,North America,Basic,Organic Search,19,3,2,53,No,No,Yes,2025-07-18,Missing features,57
CUST-0024,2025-07-09,2025-07,North America,Pro,Organic Search,49,6,0,100,No,No,No,,,294
CUST-0025,2025-07-28,2025-07,Middle East,Enterprise,Partner,149,6,1,86,No,No,No,,,894
CUST-0026,2025-05-08,2025-05,Middle East,Basic,Organic Search,19,6,3,29,No,No,Yes,2025-10-03,Low product usage,114
CUST-0027,2025-05-23,2025-05,Asia-Pacific,Enterprise,Organic Search,149,8,0,61,No,No,No,,,1192
CUST-0028,2025-06-10,2025-06,Asia-Pacific,Basic,Organic Search,19,7,2,48,Yes,No,No,,,133
CUST-0029,2025-12-07,2025-12,Middle East,Enterprise,Referral,149,1,3,100,No,No,No,,,149
CUST-0030,2025-12-23,2025-12,North America,Basic,Paid Ads,19,1,4,45,No,No,No,,,19
CUST-0031,2025-10-08,2025-10,North America,Pro,Organic Search,49,3,2,44,No,No,No,,,147
CUST-0032,2025-03-28,2025-03,North America,Pro,Referral,49,5,1,62,No,No,Yes,2025-07-28,Missing features,245
CUST-0033,2025-02-07,2025-02,Asia-Pacific,Basic,Referral,19,11,1,37,No,Yes,No,,,209
CUST-0034,2025-03-04,2025-03,Asia-Pacific,Basic,Referral,19,10,3,53,No,No,No,,,190
CUST-0035,2025-11-23,2025-11,Middle East,Basic,Paid Ads,19,2,2,74,No,Yes,No,,,38
CUST-0036,2025-02-11,2025-02,North America,Basic,Referral,19,11,2,48,No,No,Yes,2025-12-08,Low product usage,209
CUST-0037,2025-07-19,2025-07,Asia-Pacific,Pro,Paid Ads,49,4,1,45,No,No,Yes,2025-10-17,Poor support experience,196
CUST-0038,2025-07-27,2025-07,Asia-Pacific,Pro,Partner,49,3,3,65,No,No,Yes,2025-09-26,Price too high,147
CUST-0039,2025-08-25,2025-08,North America,Basic,Paid Ads,19,5,1,59,No,No,No,,,95
CUST-0040,2025-01-27,2025-01,North America,Enterprise,Referral,149,3,1,50,No,No,Yes,2025-03-25,Price too high,447
CUST-0041,2025-08-31,2025-08,Europe,Pro,Organic Search,49,3,1,38,No,No,Yes,2025-10-27,Switched competitor,147
CUST-0042,2025-02-25,2025-02,Asia-Pacific,Pro,Referral,49,11,2,58,No,No,Yes,2025-12-25,Low product usage,539
CUST-0043,2025-07-09,2025-07,Middle East,Basic,Organic Search,19,6,0,65,No,No,No,,,114
CUST-0044,2025-11-12,2025-11,Europe,Pro,Paid Ads,49,2,0,79,No,No,No,,,98
CUST-0045,2025-08-19,2025-08,Europe,Basic,Referral,19,5,1,57,No,Yes,No,,,95
CUST-0046,2025-05-22,2025-05,Europe,Pro,Organic Search,49,5,1,86,No,No,Yes,2025-09-18,Price too high,245
CUST-0047,2025-12-21,2025-12,Middle East,Basic,Paid Ads,19,1,1,49,No,No,No,,,19
CUST-0048,2025-08-21,2025-08,North America,Basic,Organic Search,19,5,2,63,No,No,No,,,95
CUST-0049,2025-09-26,2025-09,Asia-Pacific,Pro,Social Media,49,3,1,84,No,No,Yes,2025-11-20,Missing features,147
CUST-0050,2025-12-24,2025-12,Middle East,Enterprise,Social Media,149,1,1,77,No,No,No,,,149
CUST-0051,2025-01-27,2025-01,Asia-Pacific,Basic,Organic Search,19,5,3,63,No,No,Yes,2025-05-25,Price too high,95
CUST-0052,2025-08-02,2025-08,Middle East,Pro,Organic Search,49,5,0,65,No,No,No,,,245
CUST-0053,2025-04-17,2025-04,North America,Pro,Organic Search,49,4,1,90,No,No,Yes,2025-07-15,Poor support experience,196
CUST-0054,2025-12-26,2025-12,North America,Pro,Organic Search,49,1,1,99,No,No,No,,,49
CUST-0055,2025-02-28,2025-02,Middle East,Pro,Partner,49,11,2,61,No,No,Yes,2025-12-20,Switched competitor,539
CUST-0056,2025-06-15,2025-06,North America,Pro,Organic Search,49,7,0,36,No,Yes,No,,,343
CUST-0057,2025-05-23,2025-05,Europe,Basic,Referral,19,8,1,55,No,No,No,,,152
CUST-0058,2025-08-21,2025-08,North America,Basic,Organic Search,19,4,2,19,No,Yes,Yes,2025-11-22,Low product usage,76
CUST-0059,2025-09-13,2025-09,Middle East,Pro,Organic Search,49,4,0,55,No,No,No,,,196
CUST-0060,2025-03-23,2025-03,North America,Basic,Paid Ads,19,10,2,89,Yes,No,No,,,190
CUST-0061,2025-04-08,2025-04,Europe,Enterprise,Social Media,149,9,1,65,No,No,No,,,1341
CUST-0062,2025-10-03,2025-10,North America,Basic,Social Media,19,3,0,84,No,No,No,,,57
CUST-0063,2025-07-30,2025-07,Middle East,Basic,Referral,19,4,2,38,No,No,Yes,2025-10-31,Switched competitor,76
CUST-0064,2025-06-19,2025-06,Asia-Pacific,Enterprise,Paid Ads,149,7,0,72,No,No,No,,,1043
CUST-0065,2025-06-18,2025-06,Asia-Pacific,Pro,Paid Ads,49,2,0,94,No,No,Yes,2025-07-14,Price too high,98
CUST-0066,2025-12-17,2025-12,Asia-Pacific,Enterprise,Social Media,149,1,0,79,No,No,No,,,149
CUST-0067,2025-12-22,2025-12,North America,Basic,Paid Ads,19,1,3,60,No,Yes,No,,,19
CUST-0068,2025-12-16,2025-12,North America,Pro,Organic Search,49,1,3,49,No,No,No,,,49
CUST-0069,2025-08-25,2025-08,Europe,Pro,Referral,49,2,2,56,No,No,Yes,2025-09-24,Switched competitor,98
CUST-0070,2025-06-03,2025-06,Europe,Pro,Organic Search,49,7,2,58,No,No,No,,,343
CUST-0071,2025-05-21,2025-05,Asia-Pacific,Basic,Social Media,19,8,5,48,No,No,No,,,152
CUST-0072,2025-12-04,2025-12,North America,Pro,Organic Search,49,1,1,64,No,Yes,No,,,49
CUST-0073,2025-03-09,2025-03,North America,Basic,Social Media,19,10,2,63,No,No,No,,,190
CUST-0074,2025-02-08,2025-02,Asia-Pacific,Basic,Social Media,19,4,1,5,No,No,Yes,2025-05-12,Price too high,76
CUST-0075,2025-07-08,2025-07,Middle East,Pro,Referral,49,2,3,29,No,No,Yes,2025-08-10,Low product usage,98
CUST-0076,2025-11-09,2025-11,North America,Basic,Social Media,19,2,3,46,No,Yes,No,,,38
CUST-0077,2025-09-10,2025-09,North America,Basic,Paid Ads,19,4,1,66,No,No,No,,,76
CUST-0078,2025-12-02,2025-12,Europe,Basic,Paid Ads,19,1,2,53,No,No,No,,,19
CUST-0079,2025-07-05,2025-07,Middle East,Basic,Paid Ads,19,2,3,52,No,Yes,Yes,2025-08-06,Price too high,38
CUST-0080,2025-04-19,2025-04,Europe,Pro,Organic Search,49,2,2,54,No,No,Yes,2025-05-22,Price too high,98
CUST-0081,2025-04-21,2025-04,North America,Pro,Social Media,49,9,2,44,No,No,No,,,441
CUST-0082,2025-01-09,2025-01,North America,Basic,Social Media,19,6,0,50,No,No,Yes,2025-06-13,Missing features,114
CUST-0083,2025-08-23,2025-08,North America,Pro,Partner,49,5,2,52,No,No,No,,,245
CUST-0084,2025-11-16,2025-11,Europe,Pro,Paid Ads,49,2,3,67,No,No,Yes,2025-12-12,Switched competitor,98
CUST-0085,2025-11-30,2025-11,Europe,Enterprise,Social Media,149,2,0,92,No,No,No,,,298
CUST-0086,2025-06-10,2025-06,Middle East,Basic,Paid Ads,19,2,3,88,Yes,No,Yes,2025-07-06,Payment issue,38
CUST-0087,2025-07-10,2025-07,Europe,Pro,Referral,49,6,0,61,No,No,No,,,294
CUST-0088,2025-06-30,2025-06,Europe,Basic,Organic Search,19,7,0,58,No,No,No,,,133
CUST-0089,2025-12-12,2025-12,North America,Pro,Partner,49,1,2,55,No,No,No,,,49
CUST-0090,2025-06-23,2025-06,North America,Basic,Organic Search,19,2,1,49,No,No,Yes,2025-07-26,Price too high,38
CUST-0091,2025-08-03,2025-08,North America,Basic,Organic Search,19,3,0,93,No,No,Yes,2025-10-28,Price too high,57
CUST-0092,2025-12-05,2025-12,Middle East,Basic,Paid Ads,19,1,2,76,No,Yes,No,,,19
CUST-0093,2025-10-31,2025-10,Middle East,Basic,Organic Search,19,3,0,69,Yes,No,No,,,57
CUST-0094,2025-06-17,2025-06,Europe,Basic,Paid Ads,19,7,3,71,No,No,Yes,2025-12-31,Missing features,133
CUST-0095,2025-10-21,2025-10,Middle East,Basic,Organic Search,19,3,0,81,Yes,No,No,,,57
CUST-0096,2025-08-12,2025-08,North America,Pro,Referral,49,5,0,65,No,No,No,,,245
CUST-0097,2025-06-28,2025-06,Asia-Pacific,Basic,Referral,19,5,2,61,No,Yes,Yes,2025-10-01,Missing features,95
CUST-0098,2025-10-16,2025-10,Europe,Pro,Partner,49,3,0,57,No,No,Yes,2025-12-31,Missing features,147
CUST-0099,2025-05-21,2025-05,Europe,Pro,Organic Search,49,8,1,69,No,No,No,,,392
CUST-0100,2025-01-22,2025-01,Asia-Pacific,Basic,Referral,19,2,1,73,Yes,Yes,Yes,2025-02-21,Switched competitor,38
CUST-0101,2025-02-13,2025-02,North America,Basic,Organic Search,19,11,0,62,No,Yes,No,,,209
CUST-0102,2025-12-03,2025-12,Middle East,Enterprise,Organic Search,149,1,2,89,No,No,No,,,149
CUST-0103,2025-12-06,2025-12,Europe,Basic,Partner,19,1,1,71,No,No,No,,,19
CUST-0104,2025-12-17,2025-12,North America,Enterprise,Referral,149,1,0,75,No,No,No,,,149
CUST-0105,2025-09-06,2025-09,Asia-Pacific,Basic,Organic Search,19,4,1,85,No,No,No,,,76
CUST-0106,2025-11-13,2025-11,Europe,Basic,Organic Search,19,2,3,28,No,Yes,No,,,38
CUST-0107,2025-12-13,2025-12,Asia-Pacific,Pro,Referral,49,1,1,36,No,No,No,,,49
CUST-0108,2025-08-29,2025-08,North America,Enterprise,Referral,149,5,0,67,No,No,No,,,745
CUST-0109,2025-05-09,2025-05,Europe,Basic,Paid Ads,19,2,4,43,No,Yes,Yes,2025-06-05,Low product usage,38
CUST-0110,2025-09-20,2025-09,Europe,Basic,Partner,19,2,2,74,No,Yes,Yes,2025-10-23,Low product usage,38
CUST-0111,2025-07-17,2025-07,Europe,Enterprise,Organic Search,149,6,3,61,No,No,No,,,894
CUST-0112,2025-08-18,2025-08,Asia-Pacific,Pro,Organic Search,49,5,1,78,No,No,No,,,245
CUST-0113,2025-11-24,2025-11,Europe,Pro,Organic Search,49,2,3,54,Yes,No,Yes,2025-12-31,Price too high,98
CUST-0114,2025-06-30,2025-06,Europe,Basic,Referral,19,7,5,80,Yes,No,No,,,133
CUST-0115,2025-05-10,2025-05,Europe,Pro,Organic Search,49,8,1,94,No,No,No,,,392
CUST-0116,2025-09-03,2025-09,Asia-Pacific,Pro,Organic Search,49,3,2,48,No,Yes,Yes,2025-11-01,Missing features,147
CUST-0117,2025-10-06,2025-10,North America,Basic,Referral,19,3,1,89,Yes,No,No,,,57
CUST-0118,2025-07-24,2025-07,Asia-Pacific,Pro,Paid Ads,49,5,3,64,No,No,Yes,2025-11-25,Switched competitor,245
CUST-0119,2025-04-03,2025-04,North America,Pro,Organic Search,49,4,1,54,No,No,Yes,2025-07-02,Missing features,196
CUST-0120,2025-08-11,2025-08,Asia-Pacific,Basic,Partner,19,5,3,66,No,No,No,,,95
CUST-0121,2025-01-18,2025-01,North America,Basic,Referral,19,5,0,88,Yes,Yes,Yes,2025-05-15,Payment issue,95
CUST-0122,2025-07-23,2025-07,North America,Basic,Partner,19,2,3,56,No,No,Yes,2025-08-21,Poor support experience,38
CUST-0123,2025-04-20,2025-04,North America,Enterprise,Partner,149,9,0,76,No,No,No,,,1341
CUST-0124,2025-06-03,2025-06,Middle East,Pro,Partner,49,5,0,43,No,Yes,Yes,2025-10-04,Low product usage,245
CUST-0125,2025-08-28,2025-08,Europe,Pro,Referral,49,5,2,75,No,No,No,,,245
CUST-0126,2025-11-25,2025-11,Europe,Basic,Paid Ads,19,2,3,79,No,No,No,,,38
CUST-0127,2025-09-15,2025-09,North America,Enterprise,Organic Search,149,4,1,84,No,No,No,,,596
CUST-0128,2025-05-09,2025-05,Asia-Pacific,Basic,Organic Search,19,8,0,37,Yes,No,Yes,2025-12-30,Price too high,152
CUST-0129,2025-11-25,2025-11,North America,Pro,Organic Search,49,2,0,57,Yes,No,No,,,98
CUST-0130,2025-06-04,2025-06,Asia-Pacific,Basic,Referral,19,7,2,61,Yes,No,No,,,133
CUST-0131,2025-07-24,2025-07,Europe,Basic,Referral,19,6,1,73,No,Yes,No,,,114
CUST-0132,2025-03-23,2025-03,Asia-Pacific,Pro,Referral,49,9,2,77,No,No,Yes,2025-11-17,Missing features,441
CUST-0133,2025-12-01,2025-12,North America,Pro,Organic Search,49,1,2,74,No,No,No,,,49
CUST-0134,2025-01-24,2025-01,Europe,Basic,Organic Search,19,12,1,52,No,No,No,,,228
CUST-0135,2025-09-14,2025-09,North America,Basic,Referral,19,2,2,34,Yes,No,Yes,2025-10-18,Low product usage,38
CUST-0136,2025-07-21,2025-07,Middle East,Enterprise,Organic Search,149,6,0,100,No,No,No,,,894
CUST-0137,2025-12-19,2025-12,Europe,Pro,Organic Search,49,1,0,28,No,No,Yes,2025-12-31,Low product usage,49
CUST-0138,2025-11-19,2025-11,Middle East,Pro,Paid Ads,49,2,2,55,No,No,No,,,98
CUST-0139,2025-08-03,2025-08,Middle East,Basic,Paid Ads,19,1,2,14,No,No,Yes,2025-08-30,Low product usage,19
CUST-0140,2025-10-15,2025-10,Middle East,Basic,Paid Ads,19,3,1,65,No,No,No,,,57
CUST-0141,2025-11-26,2025-11,North America,Pro,Paid Ads,49,2,2,64,No,No,No,,,98
CUST-0142,2025-12-27,2025-12,Middle East,Basic,Organic Search,19,1,0,89,No,No,No,,,19
CUST-0143,2025-12-13,2025-12,Asia-Pacific,Pro,Paid Ads,49,1,0,93,No,Yes,No,,,49
CUST-0144,2025-02-10,2025-02,Europe,Basic,Organic Search,19,10,1,56,No,No,Yes,2025-11-08,Low product usage,190
CUST-0145,2025-08-30,2025-08,Middle East,Basic,Organic Search,19,5,0,42,No,No,No,,,95
CUST-0146,2025-11-27,2025-11,Middle East,Basic,Referral,19,2,2,84,No,Yes,No,,,38
CUST-0147,2025-04-01,2025-04,North America,Enterprise,Social Media,149,2,1,64,No,No,Yes,2025-05-30,Missing features,298
CUST-0148,2025-02-24,2025-02,North America,Enterprise,Paid Ads,149,9,0,58,No,No,Yes,2025-10-22,Payment issue,1341
CUST-0149,2025-10-18,2025-10,North America,Pro,Referral,49,3,0,53,No,No,No,,,147
CUST-0150,2025-09-02,2025-09,North America,Basic,Organic Search,19,3,2,85,No,No,Yes,2025-11-06,Low product usage,57
CUST-0151,2025-05-01,2025-05,North America,Basic,Organic Search,19,8,0,66,No,No,No,,,152
CUST-0152,2025-11-07,2025-11,Middle East,Basic,Partner,19,2,2,22,No,No,No,,,38
CUST-0153,2025-02-11,2025-02,Europe,Pro,Paid Ads,49,11,2,63,No,No,Yes,2025-12-31,Missing features,539
CUST-0154,2025-08-22,2025-08,Europe,Pro,Referral,49,3,1,71,No,Yes,Yes,2025-10-22,Low product usage,147
CUST-0155,2025-02-02,2025-02,North America,Pro,Social Media,49,11,3,66,No,Yes,Yes,2025-12-04,Switched competitor,539
CUST-0156,2025-03-10,2025-03,North America,Pro,Organic Search,49,2,0,62,No,No,Yes,2025-04-04,Switched competitor,98
CUST-0157,2025-08-26,2025-08,Europe,Pro,Paid Ads,49,4,2,55,No,No,Yes,2025-11-29,Low product usage,196
CUST-0158,2025-01-09,2025-01,North America,Basic,Referral,19,2,0,63,No,Yes,Yes,2025-02-10,Price too high,38
CUST-0159,2025-04-22,2025-04,Middle East,Pro,Organic Search,49,9,2,67,No,No,No,,,441
CUST-0160,2025-10-13,2025-10,Asia-Pacific,Enterprise,Partner,149,3,0,62,No,No,No,,,447
CUST-0161,2025-06-13,2025-06,Europe,Pro,Organic Search,49,5,2,88,No,No,Yes,2025-10-12,Switched competitor,245
CUST-0162,2025-10-13,2025-10,Europe,Pro,Organic Search,49,3,1,74,No,No,Yes,2025-12-31,Poor support experience,147
CUST-0163,2025-11-05,2025-11,North America,Basic,Social Media,19,2,0,40,No,Yes,No,,,38
CUST-0164,2025-01-08,2025-01,North America,Basic,Social Media,19,12,2,24,No,No,No,,,228
CUST-0165,2025-08-29,2025-08,North America,Pro,Organic Search,49,3,1,73,No,No,Yes,2025-10-01,Switched competitor,147
CUST-0166,2025-10-24,2025-10,North America,Pro,Organic Search,49,3,2,91,No,No,No,,,147
CUST-0167,2025-09-08,2025-09,Middle East,Enterprise,Paid Ads,149,4,2,100,No,No,No,,,596
CUST-0168,2025-01-31,2025-01,Asia-Pacific,Pro,Organic Search,49,3,1,62,Yes,Yes,Yes,2025-03-29,Price too high,147
CUST-0169,2025-09-16,2025-09,North America,Basic,Referral,19,4,4,38,No,Yes,Yes,2025-12-14,Low product usage,76
CUST-0170,2025-05-27,2025-05,Asia-Pacific,Basic,Referral,19,2,3,17,Yes,Yes,Yes,2025-06-24,Missing features,38
CUST-0171,2025-05-10,2025-05,North America,Pro,Paid Ads,49,8,0,81,No,No,No,,,392
CUST-0172,2025-10-10,2025-10,Middle East,Basic,Referral,19,3,4,72,No,No,No,,,57
CUST-0173,2025-01-22,2025-01,Asia-Pacific,Basic,Referral,19,7,1,49,No,No,Yes,2025-07-19,Missing features,133
CUST-0174,2025-12-31,2025-12,Asia-Pacific,Pro,Organic Search,49,1,0,58,No,No,No,,,49
CUST-0175,2025-07-16,2025-07,North America,Pro,Partner,49,6,1,47,No,Yes,No,,,294
CUST-0176,2025-06-17,2025-06,North America,Basic,Partner,19,4,0,55,No,No,Yes,2025-09-19,Low product usage,76
CUST-0177,2025-05-07,2025-05,North America,Pro,Organic Search,49,2,1,43,No,No,Yes,2025-06-01,Payment issue,98
CUST-0178,2025-08-16,2025-08,North America,Basic,Organic Search,19,2,2,73,No,No,Yes,2025-09-15,Missing features,38
CUST-0179,2025-11-02,2025-11,North America,Pro,Paid Ads,49,2,1,85,Yes,No,No,,,98
CUST-0180,2025-10-20,2025-10,Middle East,Pro,Organic Search,49,3,1,82,No,Yes,No,,,147
CUST-0181,2025-07-04,2025-07,North America,Basic,Referral,19,6,1,48,Yes,No,No,,,114
CUST-0182,2025-11-30,2025-11,North America,Enterprise,Paid Ads,149,2,2,72,No,No,No,,,298
CUST-0183,2025-12-22,2025-12,Asia-Pacific,Pro,Social Media,49,1,1,80,No,No,No,,,49
CUST-0184,2025-04-13,2025-04,Europe,Pro,Referral,49,9,0,54,No,No,No,,,441
CUST-0185,2025-12-04,2025-12,Europe,Basic,Paid Ads,19,1,0,62,No,No,No,,,19
CUST-0186,2025-12-21,2025-12,North America,Basic,Partner,19,1,1,23,No,No,Yes,2025-12-31,Missing features,19
CUST-0187,2025-07-01,2025-07,Middle East,Basic,Referral,19,2,1,34,No,No,Yes,2025-08-26,Low product usage,38
CUST-0188,2025-09-19,2025-09,Europe,Pro,Referral,49,4,2,85,No,No,No,,,196
CUST-0189,2025-06-01,2025-06,Asia-Pacific,Basic,Organic Search,19,7,2,51,No,No,No,,,133
CUST-0190,2025-12-30,2025-12,Asia-Pacific,Basic,Referral,19,1,1,45,No,Yes,No,,,19
CUST-0191,2025-03-23,2025-03,Europe,Basic,Paid Ads,19,7,2,30,No,No,Yes,2025-09-17,Low product usage,133
CUST-0192,2025-12-27,2025-12,North America,Pro,Organic Search,49,1,2,59,No,No,No,,,49
CUST-0193,2025-09-08,2025-09,Middle East,Pro,Referral,49,4,0,52,No,No,No,,,196
CUST-0194,2025-11-11,2025-11,Middle East,Pro,Organic Search,49,2,1,76,No,Yes,No,,,98
CUST-0195,2025-10-22,2025-10,North America,Basic,Referral,19,3,1,30,No,No,No,,,57
CUST-0196,2025-08-19,2025-08,Asia-Pacific,Pro,Partner,49,5,0,69,No,No,No,,,245
CUST-0197,2025-03-27,2025-03,North America,Basic,Social Media,19,10,1,68,No,Yes,No,,,190
CUST-0198,2025-01-22,2025-01,Europe,Pro,Organic Search,49,3,0,81,No,No,Yes,2025-03-22,Low product usage,147
CUST-0199,2025-02-14,2025-02,Asia-Pacific,Basic,Social Media,19,8,2,87,No,No,Yes,2025-09-12,Missing features,152
CUST-0200,2025-11-02,2025-11,North America,Pro,Referral,49,2,1,81,No,No,No,,,98
CUST-0201,2025-07-30,2025-07,Asia-Pacific,Enterprise,Social Media,149,6,3,100,No,No,No,,,894
CUST-0202,2025-08-01,2025-08,North America,Basic,Social Media,19,5,2,36,No,No,No,,,95
CUST-0203,2025-02-17,2025-02,Europe,Pro,Referral,49,11,1,73,No,No,Yes,2025-12-31,Missing features,539
CUST-0204,2025-08-24,2025-08,Asia-Pacific,Basic,Organic Search,19,5,0,70,No,No,No,,,95
CUST-0205,2025-02-17,2025-02,North America,Pro,Paid Ads,49,6,2,61,No,No,Yes,2025-07-19,Price too high,294
CUST-0206,2025-10-31,2025-10,Middle East,Basic,Organic Search,19,2,1,23,No,No,Yes,2025-11-26,Low product usage,38
CUST-0207,2025-02-15,2025-02,North America,Pro,Organic Search,49,6,2,61,No,No,Yes,2025-07-20,Price too high,294
CUST-0208,2025-06-29,2025-06,Middle East,Pro,Organic Search,49,7,0,82,No,Yes,No,,,343
CUST-0209,2025-05-22,2025-05,North America,Pro,Referral,49,8,1,53,No,Yes,No,,,392
CUST-0210,2025-05-03,2025-05,North America,Basic,Paid Ads,19,8,0,42,No,No,No,,,152
CUST-0211,2025-02-07,2025-02,North America,Basic,Organic Search,19,6,2,56,No,No,Yes,2025-07-10,Missing features,114
CUST-0212,2025-03-20,2025-03,North America,Basic,Paid Ads,19,5,2,86,No,No,Yes,2025-07-19,Poor support experience,95
CUST-0213,2025-05-03,2025-05,North America,Basic,Paid Ads,19,8,0,62,No,No,No,,,152
CUST-0214,2025-05-13,2025-05,North America,Basic,Social Media,19,4,1,92,No,Yes,Yes,2025-08-15,Missing features,76
CUST-0215,2025-09-12,2025-09,Europe,Basic,Paid Ads,19,4,1,47,No,Yes,No,,,76
CUST-0216,2025-01-23,2025-01,North America,Pro,Organic Search,49,2,0,98,No,No,Yes,2025-02-27,Low product usage,98
CUST-0217,2025-06-14,2025-06,Asia-Pacific,Basic,Organic Search,19,2,2,34,Yes,No,Yes,2025-07-12,Poor support experience,38
CUST-0218,2025-01-24,2025-01,North America,Enterprise,Paid Ads,149,2,0,100,No,No,Yes,2025-02-21,Low product usage,298
CUST-0219,2025-06-05,2025-06,North America,Pro,Paid Ads,49,4,6,56,No,No,Yes,2025-09-04,Price too high,196
CUST-0220,2025-10-05,2025-10,Asia-Pacific,Basic,Social Media,19,3,2,54,No,No,Yes,2025-12-07,Switched competitor,57
CUST-0221,2025-08-03,2025-08,North America,Basic,Partner,19,5,2,47,No,No,Yes,2025-12-27,Missing features,95
CUST-0222,2025-11-23,2025-11,North America,Pro,Referral,49,2,0,86,No,No,No,,,98
CUST-0223,2025-12-25,2025-12,North America,Pro,Paid Ads,49,1,2,100,No,No,No,,,49
CUST-0224,2025-02-24,2025-02,Europe,Basic,Paid Ads,19,8,0,44,No,No,Yes,2025-09-22,Price too high,152
CUST-0225,2025-12-31,2025-12,Europe,Basic,Paid Ads,19,1,1,42,No,Yes,No,,,19
CUST-0226,2025-08-20,2025-08,Europe,Pro,Organic Search,49,5,3,87,No,Yes,No,,,245
CUST-0227,2025-11-27,2025-11,Europe,Basic,Partner,19,2,6,82,No,No,Yes,2025-12-31,Price too high,38
CUST-0228,2025-08-25,2025-08,Asia-Pacific,Basic,Paid Ads,19,5,1,34,No,No,No,,,95
CUST-0229,2025-11-11,2025-11,North America,Pro,Organic Search,49,2,0,79,Yes,No,No,,,98
CUST-0230,2025-09-27,2025-09,Asia-Pacific,Basic,Paid Ads,19,4,3,57,No,No,No,,,76
CUST-0231,2025-05-19,2025-05,North America,Basic,Organic Search,19,6,3,35,Yes,No,Yes,2025-10-21,Low product usage,114
CUST-0232,2025-10-01,2025-10,Asia-Pacific,Pro,Organic Search,49,3,2,67,No,No,No,,,147
CUST-0233,2025-04-01,2025-04,North America,Basic,Referral,19,9,1,73,No,No,Yes,2025-12-22,Price too high,171
CUST-0234,2025-04-23,2025-04,Europe,Basic,Paid Ads,19,4,0,33,No,Yes,Yes,2025-07-19,Low product usage,76
CUST-0235,2025-03-14,2025-03,Asia-Pacific,Pro,Social Media,49,2,3,63,No,No,Yes,2025-04-12,Low product usage,98
CUST-0236,2025-03-22,2025-03,Europe,Pro,Referral,49,10,0,69,No,No,Yes,2025-12-31,Low product usage,490
CUST-0237,2025-10-18,2025-10,Middle East,Basic,Partner,19,2,3,52,No,No,Yes,2025-11-13,Price too high,38
CUST-0238,2025-06-13,2025-06,Asia-Pacific,Basic,Organic Search,19,4,1,30,No,No,Yes,2025-09-10,Poor support experience,76
CUST-0239,2025-01-01,2025-01,Europe,Basic,Paid Ads,19,9,2,71,No,No,Yes,2025-09-23,Low product usage,171
CUST-0240,2025-02-23,2025-02,North America,Basic,Paid Ads,19,5,2,32,No,Yes,Yes,2025-06-28,Low product usage,95
CUST-0241,2025-08-11,2025-08,North America,Basic,Organic Search,19,5,2,80,No,No,Yes,2025-12-13,Missing features,95
CUST-0242,2025-09-09,2025-09,Europe,Basic,Paid Ads,19,2,1,80,No,Yes,Yes,2025-10-06,Missing features,38
CUST-0243,2025-02-11,2025-02,North America,Basic,Social Media,19,6,0,61,No,No,Yes,2025-07-13,Low product usage,114
CUST-0244,2025-04-26,2025-04,Europe,Pro,Organic Search,49,5,1,60,No,No,Yes,2025-08-25,Payment issue,245
CUST-0245,2025-08-03,2025-08,Middle East,Enterprise,Partner,149,3,0,70,No,No,Yes,2025-10-06,Switched competitor,447
CUST-0246,2025-10-20,2025-10,Middle East,Pro,Organic Search,49,3,1,56,No,No,No,,,147
CUST-0247,2025-12-16,2025-12,Asia-Pacific,Basic,Referral,19,1,2,42,No,No,Yes,2025-12-31,Low product usage,19
CUST-0248,2025-10-10,2025-10,North America,Basic,Paid Ads,19,3,3,32,No,No,Yes,2025-12-31,Low product usage,57
CUST-0249,2025-02-21,2025-02,Europe,Enterprise,Organic Search,149,11,0,97,No,No,No,,,1639
CUST-0250,2025-05-02,2025-05,Europe,Basic,Organic Search,19,8,1,66,No,No,No,,,152
CUST-0251,2025-06-14,2025-06,Europe,Basic,Referral,19,7,2,66,No,No,No,,,133
CUST-0252,2025-03-11,2025-03,Europe,Pro,Referral,49,2,3,100,No,Yes,Yes,2025-04-05,Switched competitor,98
CUST-0253,2025-12-27,2025-12,Europe,Basic,Paid Ads,19,1,0,79,No,Yes,No,,,19
CUST-0254,2025-08-17,2025-08,Asia-Pacific,Basic,Referral,19,5,1,63,No,No,No,,,95
CUST-0255,2025-04-20,2025-04,Middle East,Pro,Referral,49,3,1,86,Yes,No,Yes,2025-06-16,Payment issue,147
CUST-0256,2025-11-04,2025-11,North America,Pro,Referral,49,2,3,58,No,No,No,,,98
CUST-0257,2025-08-24,2025-08,Europe,Basic,Referral,19,5,2,38,Yes,No,No,,,95
CUST-0258,2025-06-02,2025-06,Europe,Pro,Paid Ads,49,7,1,83,No,No,Yes,2025-12-03,Low product usage,343
CUST-0259,2025-06-13,2025-06,Middle East,Pro,Referral,49,2,2,67,No,No,Yes,2025-07-17,Payment issue,98
CUST-0260,2025-06-25,2025-06,North America,Pro,Paid Ads,49,6,2,29,No,No,Yes,2025-11-19,Missing features,294
CUST-0261,2025-10-14,2025-10,North America,Pro,Referral,49,3,1,74,No,No,No,,,147
CUST-0262,2025-05-14,2025-05,Europe,Pro,Organic Search,49,8,3,76,No,No,No,,,392
CUST-0263,2025-04-13,2025-04,Asia-Pacific,Basic,Social Media,19,2,2,54,No,Yes,Yes,2025-05-13,Missing features,38
CUST-0264,2025-04-01,2025-04,North America,Basic,Paid Ads,19,8,2,85,No,Yes,Yes,2025-11-30,Price too high,152
CUST-0265,2025-07-11,2025-07,Asia-Pacific,Enterprise,Social Media,149,6,0,75,Yes,No,No,,,894
CUST-0266,2025-02-03,2025-02,North America,Pro,Organic Search,49,11,1,43,No,No,No,,,539
CUST-0267,2025-01-12,2025-01,North America,Pro,Paid Ads,49,3,1,63,No,No,Yes,2025-03-08,Poor support experience,147
CUST-0268,2025-12-01,2025-12,North America,Pro,Organic Search,49,1,1,71,No,No,No,,,49
CUST-0269,2025-12-18,2025-12,North America,Pro,Referral,49,1,1,55,No,Yes,No,,,49
CUST-0270,2025-02-23,2025-02,Middle East,Basic,Organic Search,19,11,2,34,No,No,Yes,2025-12-31,Payment issue,209
CUST-0271,2025-10-21,2025-10,North America,Pro,Organic Search,49,3,0,65,No,No,No,,,147
CUST-0272,2025-08-26,2025-08,Asia-Pacific,Basic,Social Media,19,2,2,41,No,No,Yes,2025-09-20,Price too high,38
CUST-0273,2025-03-12,2025-03,North America,Pro,Paid Ads,49,10,0,77,No,Yes,No,,,490
CUST-0274,2025-02-27,2025-02,Middle East,Basic,Partner,19,11,2,48,No,No,No,,,209
CUST-0275,2025-07-30,2025-07,North America,Basic,Referral,19,6,4,57,No,No,No,,,114
CUST-0276,2025-11-13,2025-11,Middle East,Basic,Organic Search,19,2,1,77,No,No,No,,,38
CUST-0277,2025-01-28,2025-01,Asia-Pacific,Basic,Paid Ads,19,9,0,59,Yes,No,Yes,2025-09-27,Payment issue,171
CUST-0278,2025-08-18,2025-08,Europe,Basic,Organic Search,19,2,4,51,Yes,No,Yes,2025-09-20,Price too high,38
CUST-0279,2025-02-16,2025-02,Asia-Pacific,Pro,Referral,49,11,3,53,No,No,No,,,539
CUST-0280,2025-12-04,2025-12,North America,Basic,Social Media,19,1,3,51,No,No,Yes,2025-12-31,Missing features,19
CUST-0281,2025-07-29,2025-07,Middle East,Basic,Organic Search,19,3,3,47,No,No,Yes,2025-09-28,Price too high,57
CUST-0282,2025-11-21,2025-11,Europe,Pro,Social Media,49,2,0,76,No,Yes,No,,,98
CUST-0283,2025-01-25,2025-01,Europe,Pro,Referral,49,4,3,53,No,No,Yes,2025-04-30,Missing features,196
CUST-0284,2025-06-14,2025-06,Europe,Basic,Partner,19,4,4,39,No,No,Yes,2025-09-13,Missing features,76
CUST-0285,2025-09-20,2025-09,Middle East,Basic,Social Media,19,4,1,14,No,Yes,No,,,76
CUST-0286,2025-12-30,2025-12,Asia-Pacific,Pro,Paid Ads,49,1,1,53,No,No,No,,,49
CUST-0287,2025-10-20,2025-10,Middle East,Enterprise,Referral,149,2,2,62,No,No,Yes,2025-11-15,Price too high,298
CUST-0288,2025-03-16,2025-03,North America,Basic,Organic Search,19,2,3,4,No,Yes,Yes,2025-04-14,Low product usage,38
CUST-0289,2025-10-05,2025-10,Asia-Pacific,Basic,Organic Search,19,3,3,33,No,No,No,,,57
CUST-0290,2025-12-23,2025-12,Middle East,Basic,Partner,19,1,0,84,No,No,No,,,19
CUST-0291,2025-01-07,2025-01,North America,Pro,Social Media,49,10,2,53,No,No,Yes,2025-10-31,Poor support experience,490
CUST-0292,2025-03-03,2025-03,Europe,Basic,Paid Ads,19,6,3,72,No,No,Yes,2025-08-05,Missing features,114
CUST-0293,2025-12-05,2025-12,Middle East,Basic,Paid Ads,19,1,4,67,No,No,No,,,19
CUST-0294,2025-09-16,2025-09,Europe,Basic,Paid Ads,19,4,0,85,No,No,No,,,76
CUST-0295,2025-10-15,2025-10,Asia-Pacific,Pro,Organic Search,49,3,1,50,No,No,No,,,147
CUST-0296,2025-06-14,2025-06,Middle East,Basic,Organic Search,19,7,2,83,Yes,No,No,,,133
CUST-0297,2025-02-12,2025-02,North America,Enterprise,Partner,149,11,1,75,No,No,No,,,1639
CUST-0298,2025-03-20,2025-03,Middle East,Basic,Organic Search,19,10,2,60,No,Yes,Yes,2025-12-19,Price too high,190
CUST-0299,2025-10-27,2025-10,Asia-Pacific,Basic,Paid Ads,19,3,1,54,No,No,No,,,57
CUST-0300,2025-12-05,2025-12,North America,Basic,Organic Search,19,1,2,22,No,No,No,,,19
CUST-0301,2025-06-02,2025-06,Asia-Pacific,Pro,Social Media,49,4,1,50,No,No,Yes,2025-09-04,Low product usage,196
CUST-0302,2025-10-08,2025-10,North America,Enterprise,Social Media,149,3,2,66,No,No,No,,,447
CUST-0303,2025-05-10,2025-05,North America,Basic,Social Media,19,5,3,26,No,No,Yes,2025-09-03,Low product usage,95
CUST-0304,2025-10-25,2025-10,North America,Basic,Organic Search,19,3,1,48,No,No,No,,,57
CUST-0305,2025-06-06,2025-06,North America,Pro,Referral,49,7,2,25,No,No,No,,,343
CUST-0306,2025-09-03,2025-09,Europe,Basic,Organic Search,19,4,1,51,No,No,No,,,76
CUST-0307,2025-11-17,2025-11,North America,Basic,Organic Search,19,2,1,54,No,No,No,,,38
CUST-0308,2025-10-10,2025-10,Asia-Pacific,Basic,Paid Ads,19,3,1,46,No,No,No,,,57
CUST-0309,2025-09-14,2025-09,Europe,Basic,Paid Ads,19,4,0,25,No,No,No,,,76
CUST-0310,2025-10-17,2025-10,Asia-Pacific,Pro,Referral,49,2,0,69,No,No,Yes,2025-11-16,Price too high,98
CUST-0311,2025-12-09,2025-12,Asia-Pacific,Basic,Paid Ads,19,1,0,58,Yes,No,No,,,19
CUST-0312,2025-12-27,2025-12,Middle East,Enterprise,Organic Search,149,1,1,52,No,No,No,,,149
CUST-0313,2025-10-28,2025-10,Asia-Pacific,Pro,Paid Ads,49,3,0,95,No,No,No,,,147
CUST-0314,2025-11-06,2025-11,Asia-Pacific,Basic,Paid Ads,19,2,2,76,No,Yes,No,,,38
CUST-0315,2025-03-02,2025-03,Europe,Pro,Paid Ads,49,10,3,85,No,No,No,,,490
CUST-0316,2025-04-03,2025-04,Europe,Basic,Partner,19,9,0,26,No,No,No,,,171
CUST-0317,2025-04-04,2025-04,Europe,Pro,Organic Search,49,4,0,30,No,Yes,Yes,2025-07-06,Payment issue,196
CUST-0318,2025-09-16,2025-09,Asia-Pacific,Pro,Referral,49,4,3,100,No,No,No,,,196
CUST-0319,2025-11-05,2025-11,North America,Pro,Partner,49,2,1,50,No,No,No,,,98
CUST-0320,2025-09-04,2025-09,Europe,Pro,Referral,49,4,1,37,No,Yes,No,,,196
CUST-0321,2025-05-26,2025-05,Europe,Pro,Organic Search,49,7,3,69,Yes,No,Yes,2025-11-23,Payment issue,343
CUST-0322,2025-05-10,2025-05,Europe,Basic,Referral,19,8,0,18,No,Yes,No,,,152
CUST-0323,2025-07-23,2025-07,Asia-Pacific,Pro,Referral,49,6,1,48,No,Yes,No,,,294
CUST-0324,2025-03-24,2025-03,Middle East,Basic,Social Media,19,10,2,36,No,Yes,Yes,2025-12-31,Missing features,190
CUST-0325,2025-08-13,2025-08,Asia-Pacific,Basic,Partner,19,5,1,53,No,No,No,,,95
CUST-0326,2025-03-22,2025-03,North America,Basic,Paid Ads,19,10,1,38,No,Yes,No,,,190
CUST-0327,2025-08-21,2025-08,Europe,Enterprise,Organic Search,149,5,0,80,No,No,No,,,745
CUST-0328,2025-10-22,2025-10,Europe,Basic,Paid Ads,19,3,1,56,No,No,No,,,57
CUST-0329,2025-09-04,2025-09,North America,Basic,Referral,19,4,4,54,No,No,Yes,2025-12-02,Low product usage,76
CUST-0330,2025-02-17,2025-02,Middle East,Basic,Paid Ads,19,11,1,51,No,Yes,No,,,209
CUST-0331,2025-11-13,2025-11,Middle East,Basic,Organic Search,19,2,5,76,No,Yes,No,,,38
CUST-0332,2025-09-04,2025-09,North America,Basic,Social Media,19,4,3,38,No,Yes,No,,,76
CUST-0333,2025-03-07,2025-03,Middle East,Basic,Paid Ads,19,7,0,49,No,No,Yes,2025-09-01,Low product usage,133
CUST-0334,2025-02-21,2025-02,Middle East,Basic,Organic Search,19,11,1,51,No,No,No,,,209
CUST-0335,2025-02-21,2025-02,Asia-Pacific,Pro,Paid Ads,49,3,2,58,No,No,Yes,2025-04-23,Missing features,147
CUST-0336,2025-11-19,2025-11,Middle East,Basic,Social Media,19,2,1,76,No,No,Yes,2025-12-31,Low product usage,38
CUST-0337,2025-11-19,2025-11,Middle East,Basic,Organic Search,19,2,1,72,No,No,No,,,38
CUST-0338,2025-12-14,2025-12,North America,Enterprise,Referral,149,1,0,67,No,No,No,,,149
CUST-0339,2025-09-07,2025-09,Europe,Pro,Organic Search,49,4,0,54,No,No,No,,,196
CUST-0340,2025-07-27,2025-07,North America,Pro,Organic Search,49,6,1,83,No,No,No,,,294
CUST-0341,2025-08-19,2025-08,North America,Basic,Organic Search,19,2,1,28,No,No,Yes,2025-09-15,Low product usage,38
CUST-0342,2025-02-18,2025-02,Asia-Pacific,Basic,Paid Ads,19,11,3,57,No,Yes,Yes,2025-12-31,Low product usage,209
CUST-0343,2025-06-16,2025-06,Europe,Enterprise,Social Media,149,7,2,66,No,No,No,,,1043
CUST-0344,2025-10-01,2025-10,North America,Basic,Paid Ads,19,2,2,36,No,No,Yes,2025-11-27,Low product usage,38
CUST-0345,2025-08-29,2025-08,Middle East,Pro,Paid Ads,49,5,1,52,No,No,No,,,245
CUST-0346,2025-08-12,2025-08,North America,Basic,Referral,19,5,1,66,No,No,No,,,95
CUST-0347,2025-05-26,2025-05,Europe,Pro,Organic Search,49,8,1,74,No,Yes,Yes,2025-12-31,Low product usage,392
CUST-0348,2025-03-06,2025-03,Middle East,Pro,Organic Search,49,9,2,85,No,No,Yes,2025-11-02,Price too high,441
CUST-0349,2025-08-29,2025-08,Asia-Pacific,Basic,Organic Search,19,5,2,56,No,No,No,,,95
CUST-0350,2025-02-18,2025-02,Asia-Pacific,Pro,Paid Ads,49,2,1,53,No,No,Yes,2025-03-23,Missing features,98
CUST-0351,2025-05-10,2025-05,North America,Basic,Paid Ads,19,3,4,63,No,Yes,Yes,2025-07-08,Poor support experience,57
CUST-0352,2025-07-22,2025-07,North America,Pro,Organic Search,49,2,2,48,No,No,Yes,2025-08-18,Missing features,98
CUST-0353,2025-12-18,2025-12,Asia-Pacific,Pro,Partner,49,1,1,63,No,No,No,,,49
CUST-0354,2025-03-06,2025-03,North America,Basic,Paid Ads,19,2,1,41,No,No,Yes,2025-04-06,Low product usage,38
CUST-0355,2025-03-10,2025-03,North America,Basic,Referral,19,10,0,46,No,No,No,,,190
CUST-0356,2025-10-05,2025-10,North America,Basic,Referral,19,3,1,62,Yes,No,No,,,57
CUST-0357,2025-12-04,2025-12,Asia-Pacific,Enterprise,Organic Search,149,1,0,47,No,No,No,,,149
CUST-0358,2025-06-14,2025-06,Europe,Basic,Organic Search,19,3,2,46,No,Yes,Yes,2025-08-17,Missing features,57
CUST-0359,2025-07-18,2025-07,Europe,Pro,Referral,49,6,1,85,No,Yes,No,,,294
CUST-0360,2025-02-01,2025-02,Middle East,Basic,Social Media,19,4,3,26,Yes,No,Yes,2025-05-30,Switched competitor,76
CUST-0361,2025-02-19,2025-02,North America,Basic,Paid Ads,19,11,2,79,No,No,No,,,209
CUST-0362,2025-09-16,2025-09,North America,Basic,Partner,19,4,1,60,No,No,No,,,76
CUST-0363,2025-06-15,2025-06,Europe,Pro,Organic Search,49,7,2,27,No,No,No,,,343
CUST-0364,2025-06-04,2025-06,Asia-Pacific,Basic,Organic Search,19,7,1,83,No,No,No,,,133
CUST-0365,2025-05-16,2025-05,Europe,Basic,Organic Search,19,8,2,47,No,No,No,,,152
CUST-0366,2025-11-01,2025-11,North America,Pro,Social Media,49,2,0,89,No,No,No,,,98
CUST-0367,2025-03-03,2025-03,North America,Enterprise,Referral,149,3,1,74,No,No,Yes,2025-05-05,Missing features,447
CUST-0368,2025-06-17,2025-06,North America,Basic,Organic Search,19,7,2,37,No,No,Yes,2025-12-18,Missing features,133
CUST-0369,2025-10-08,2025-10,North America,Basic,Paid Ads,19,3,2,45,Yes,No,Yes,2025-12-31,Switched competitor,57
CUST-0370,2025-09-26,2025-09,North America,Basic,Social Media,19,4,0,91,Yes,No,No,,,76
CUST-0371,2025-01-13,2025-01,North America,Pro,Paid Ads,49,7,2,38,No,No,Yes,2025-07-07,Low product usage,343
CUST-0372,2025-11-14,2025-11,Asia-Pacific,Enterprise,Social Media,149,2,3,78,No,No,Yes,2025-12-12,Poor support experience,298
CUST-0373,2025-04-19,2025-04,Europe,Basic,Organic Search,19,2,0,58,Yes,No,Yes,2025-05-23,Switched competitor,38
CUST-0374,2025-09-27,2025-09,North America,Basic,Organic Search,19,2,2,30,Yes,No,Yes,2025-10-28,Missing features,38
CUST-0375,2025-12-06,2025-12,Middle East,Pro,Social Media,49,1,4,72,No,No,No,,,49
CUST-0376,2025-12-30,2025-12,North America,Basic,Social Media,19,1,1,52,No,No,No,,,19
CUST-0377,2025-01-12,2025-01,Asia-Pacific,Basic,Organic Search,19,7,0,56,Yes,No,Yes,2025-07-10,Payment issue,133
CUST-0378,2025-01-16,2025-01,Asia-Pacific,Enterprise,Organic Search,149,12,0,91,No,No,No,,,1788
CUST-0379,2025-10-25,2025-10,Asia-Pacific,Pro,Social Media,49,3,1,94,No,Yes,No,,,147
CUST-0380,2025-10-17,2025-10,North America,Enterprise,Paid Ads,149,3,1,73,No,No,No,,,447
CUST-0381,2025-07-31,2025-07,North America,Enterprise,Social Media,149,5,2,52,No,No,Yes,2025-11-02,Missing features,745
CUST-0382,2025-11-07,2025-11,North America,Pro,Organic Search,49,2,1,52,No,No,No,,,98
CUST-0383,2025-12-31,2025-12,North America,Pro,Paid Ads,49,1,1,69,No,No,No,,,49
CUST-0384,2025-05-19,2025-05,North America,Enterprise,Referral,149,8,1,87,No,No,No,,,1192
CUST-0385,2025-07-14,2025-07,Europe,Pro,Partner,49,2,0,58,No,No,Yes,2025-08-09,Low product usage,98
CUST-0386,2025-01-22,2025-01,North America,Enterprise,Paid Ads,149,12,1,75,No,No,No,,,1788
CUST-0387,2025-11-27,2025-11,Middle East,Basic,Organic Search,19,2,2,13,No,Yes,No,,,38
CUST-0388,2025-04-02,2025-04,Asia-Pacific,Basic,Social Media,19,5,2,49,No,No,Yes,2025-08-02,Missing features,95
CUST-0389,2025-02-13,2025-02,Europe,Pro,Social Media,49,11,0,64,No,No,No,,,539
CUST-0390,2025-08-17,2025-08,North America,Basic,Social Media,19,5,2,54,No,Yes,No,,,95
CUST-0391,2025-04-22,2025-04,Europe,Pro,Paid Ads,49,5,3,79,No,No,Yes,2025-08-17,Price too high,245
CUST-0392,2025-06-28,2025-06,Asia-Pacific,Basic,Referral,19,7,2,42,No,Yes,No,,,133
CUST-0393,2025-04-01,2025-04,Middle East,Enterprise,Paid Ads,149,5,3,82,No,No,Yes,2025-08-01,Price too high,745
CUST-0394,2025-12-22,2025-12,North America,Pro,Paid Ads,49,1,2,79,Yes,No,No,,,49
CUST-0395,2025-09-28,2025-09,Europe,Enterprise,Referral,149,4,4,54,No,No,No,,,596
CUST-0396,2025-03-08,2025-03,Europe,Pro,Referral,49,10,0,68,No,No,Yes,2025-12-31,Missing features,490
CUST-0397,2025-11-23,2025-11,Middle East,Basic,Referral,19,2,2,61,No,No,Yes,2025-12-31,Low product usage,38
CUST-0398,2025-10-19,2025-10,North America,Pro,Organic Search,49,3,1,82,No,No,No,,,147
CUST-0399,2025-11-18,2025-11,Asia-Pacific,Basic,Social Media,19,2,0,62,No,Yes,No,,,38
CUST-0400,2025-12-14,2025-12,Europe,Basic,Organic Search,19,1,1,25,No,No,No,,,19
CUST-0401,2025-05-24,2025-05,North America,Pro,Paid Ads,49,8,1,65,No,No,No,,,392
CUST-0402,2025-07-10,2025-07,Asia-Pacific,Basic,Organic Search,19,4,1,63,No,No,Yes,2025-10-10,Switched competitor,76
CUST-0403,2025-03-20,2025-03,Asia-Pacific,Basic,Referral,19,10,0,50,Yes,No,Yes,2025-12-10,Payment issue,190
CUST-0404,2025-11-01,2025-11,North America,Enterprise,Social Media,149,2,2,94,No,Yes,No,,,298
CUST-0405,2025-04-18,2025-04,North America,Basic,Organic Search,19,3,1,72,Yes,Yes,Yes,2025-06-21,Payment issue,57
CUST-0406,2025-02-22,2025-02,Europe,Basic,Organic Search,19,2,3,76,No,Yes,Yes,2025-03-28,Switched competitor,38
CUST-0407,2025-10-04,2025-10,North America,Basic,Paid Ads,19,3,1,47,Yes,No,No,,,57
CUST-0408,2025-12-20,2025-12,Middle East,Pro,Organic Search,49,1,2,42,No,No,No,,,49
CUST-0409,2025-08-27,2025-08,North America,Pro,Social Media,49,5,1,60,No,No,No,,,245
CUST-0410,2025-05-13,2025-05,Europe,Enterprise,Referral,149,2,0,48,No,No,Yes,2025-06-14,Price too high,298
CUST-0411,2025-09-03,2025-09,North America,Basic,Social Media,19,4,1,49,Yes,No,No,,,76
CUST-0412,2025-09-30,2025-09,Europe,Basic,Organic Search,19,4,2,65,No,Yes,No,,,76
CUST-0413,2025-10-18,2025-10,Europe,Pro,Organic Search,49,3,1,61,No,No,No,,,147
CUST-0414,2025-10-12,2025-10,Europe,Basic,Organic Search,19,3,0,68,No,No,No,,,57
CUST-0415,2025-02-01,2025-02,Asia-Pacific,Basic,Social Media,19,2,3,40,Yes,Yes,Yes,2025-03-06,Low product usage,38
CUST-0416,2025-11-12,2025-11,North America,Pro,Referral,49,2,1,89,No,No,No,,,98
CUST-0417,2025-06-26,2025-06,Europe,Enterprise,Referral,149,4,0,73,No,Yes,Yes,2025-09-27,Payment issue,596
CUST-0418,2025-07-03,2025-07,North America,Basic,Organic Search,19,6,0,65,No,No,No,,,114
CUST-0419,2025-07-04,2025-07,North America,Pro,Partner,49,6,1,59,Yes,Yes,Yes,2025-12-06,Payment issue,294
CUST-0420,2025-08-22,2025-08,Middle East,Enterprise,Partner,149,5,0,62,No,No,Yes,2025-12-22,Payment issue,745
CUST-0421,2025-05-02,2025-05,North America,Pro,Partner,49,5,1,65,Yes,No,Yes,2025-09-02,Switched competitor,245
CUST-0422,2025-05-24,2025-05,North America,Basic,Social Media,19,2,3,65,No,No,Yes,2025-06-28,Missing features,38
CUST-0423,2025-10-24,2025-10,North America,Basic,Paid Ads,19,3,2,35,No,No,No,,,57
CUST-0424,2025-05-31,2025-05,North America,Basic,Partner,19,4,2,25,No,Yes,Yes,2025-08-28,Poor support experience,76
CUST-0425,2025-11-16,2025-11,Europe,Basic,Organic Search,19,2,4,69,No,No,No,,,38
CUST-0426,2025-02-27,2025-02,Asia-Pacific,Pro,Referral,49,5,1,53,No,No,Yes,2025-06-23,Switched competitor,245
CUST-0427,2025-11-01,2025-11,North America,Enterprise,Paid Ads,149,2,3,74,No,No,No,,,298
CUST-0428,2025-06-26,2025-06,North America,Basic,Social Media,19,7,3,61,No,No,No,,,133
CUST-0429,2025-08-11,2025-08,Asia-Pacific,Basic,Paid Ads,19,5,0,13,No,Yes,No,,,95
CUST-0430,2025-05-20,2025-05,North America,Basic,Organic Search,19,8,1,40,No,No,No,,,152
CUST-0431,2025-02-04,2025-02,North America,Basic,Organic Search,19,2,1,59,No,Yes,Yes,2025-03-02,Price too high,38
CUST-0432,2025-11-01,2025-11,Asia-Pacific,Pro,Partner,49,2,0,46,No,No,No,,,98
CUST-0433,2025-11-28,2025-11,Asia-Pacific,Pro,Social Media,49,2,1,55,No,No,No,,,98
CUST-0434,2025-05-22,2025-05,Middle East,Pro,Referral,49,2,1,54,No,No,Yes,2025-06-22,Low product usage,98
CUST-0435,2025-01-31,2025-01,Asia-Pacific,Basic,Organic Search,19,4,5,76,No,No,Yes,2025-04-04,Poor support experience,76
CUST-0436,2025-04-22,2025-04,North America,Pro,Paid Ads,49,3,1,72,Yes,No,Yes,2025-06-23,Price too high,147
CUST-0437,2025-11-24,2025-11,North America,Basic,Paid Ads,19,2,2,68,No,Yes,No,,,38
CUST-0438,2025-09-02,2025-09,Asia-Pacific,Basic,Social Media,19,4,2,33,Yes,No,No,,,76
CUST-0439,2025-07-03,2025-07,North America,Basic,Organic Search,19,6,4,54,No,No,No,,,114
CUST-0440,2025-07-16,2025-07,North America,Pro,Paid Ads,49,4,3,85,No,No,Yes,2025-10-09,Poor support experience,196
CUST-0441,2025-10-31,2025-10,Europe,Basic,Social Media,19,3,1,38,No,No,Yes,2025-12-30,Price too high,57
CUST-0442,2025-01-22,2025-01,North America,Basic,Referral,19,4,0,48,No,No,Yes,2025-04-19,Missing features,76
CUST-0443,2025-01-10,2025-01,Asia-Pacific,Basic,Organic Search,19,8,1,45,Yes,Yes,Yes,2025-08-10,Payment issue,152
CUST-0444,2025-11-12,2025-11,Asia-Pacific,Basic,Paid Ads,19,2,3,7,No,No,No,,,38
CUST-0445,2025-03-12,2025-03,Asia-Pacific,Basic,Organic Search,19,3,2,58,Yes,No,Yes,2025-05-11,Payment issue,57
CUST-0446,2025-08-13,2025-08,Europe,Basic,Organic Search,19,3,2,30,No,Yes,Yes,2025-10-07,Low product usage,57
CUST-0447,2025-02-15,2025-02,Europe,Pro,Organic Search,49,11,0,38,No,Yes,No,,,539
CUST-0448,2025-06-04,2025-06,North America,Basic,Organic Search,19,7,3,69,Yes,No,No,,,133
CUST-0449,2025-03-18,2025-03,Asia-Pacific,Pro,Paid Ads,49,7,2,91,Yes,No,Yes,2025-09-09,Switched competitor,343
CUST-0450,2025-04-01,2025-04,North America,Basic,Paid Ads,19,9,3,60,No,No,No,,,171
CUST-0451,2025-04-23,2025-04,Europe,Basic,Organic Search,19,8,1,59,No,Yes,Yes,2025-11-23,Price too high,152
CUST-0452,2025-03-11,2025-03,Europe,Basic,Paid Ads,19,10,2,42,No,Yes,No,,,190
CUST-0453,2025-08-31,2025-08,North America,Pro,Referral,49,5,1,54,No,No,Yes,2025-12-31,Price too high,245
CUST-0454,2025-08-29,2025-08,Europe,Pro,Paid Ads,49,5,0,88,No,Yes,No,,,245
CUST-0455,2025-04-22,2025-04,North America,Basic,Referral,19,4,3,66,No,No,Yes,2025-07-23,Low product usage,76
CUST-0456,2025-03-12,2025-03,Europe,Enterprise,Social Media,149,5,0,90,No,No,Yes,2025-07-11,Poor support experience,745
CUST-0457,2025-12-24,2025-12,Europe,Enterprise,Social Media,149,1,1,68,No,No,Yes,2025-12-31,Low product usage,149
CUST-0458,2025-01-27,2025-01,Europe,Basic,Referral,19,12,1,63,No,Yes,No,,,228
CUST-0459,2025-06-30,2025-06,Europe,Enterprise,Paid Ads,149,7,2,81,No,No,No,,,1043
CUST-0460,2025-12-11,2025-12,Asia-Pacific,Enterprise,Partner,149,1,3,91,No,Yes,No,,,149
CUST-0461,2025-05-28,2025-05,North America,Enterprise,Organic Search,149,3,1,82,No,No,Yes,2025-07-28,Switched competitor,447
CUST-0462,2025-10-05,2025-10,Europe,Enterprise,Paid Ads,149,3,1,72,No,Yes,No,,,447
CUST-0463,2025-06-21,2025-06,North America,Basic,Referral,19,7,1,76,No,No,No,,,133
CUST-0464,2025-05-28,2025-05,North America,Pro,Paid Ads,49,8,1,70,No,No,Yes,2025-12-31,Missing features,392
CUST-0465,2025-08-14,2025-08,North America,Basic,Referral,19,5,3,58,No,No,No,,,95
CUST-0466,2025-09-13,2025-09,Asia-Pacific,Pro,Partner,49,4,3,100,No,No,No,,,196
CUST-0467,2025-10-21,2025-10,Middle East,Pro,Referral,49,2,2,60,No,No,Yes,2025-11-25,Missing features,98
CUST-0468,2025-06-07,2025-06,Middle East,Basic,Organic Search,19,7,1,67,No,Yes,No,,,133
CUST-0469,2025-02-14,2025-02,Europe,Enterprise,Paid Ads,149,6,0,62,Yes,No,Yes,2025-07-14,Poor support experience,894
CUST-0470,2025-08-17,2025-08,North America,Enterprise,Referral,149,5,0,95,No,No,No,,,745
CUST-0471,2025-10-28,2025-10,North America,Pro,Organic Search,49,3,3,66,No,No,Yes,2025-12-31,Switched competitor,147
CUST-0472,2025-08-01,2025-08,Europe,Basic,Referral,19,5,2,48,No,No,No,,,95
CUST-0473,2025-08-26,2025-08,Middle East,Basic,Organic Search,19,5,1,79,No,Yes,No,,,95
CUST-0474,2025-01-15,2025-01,North America,Basic,Partner,19,11,4,67,No,No,Yes,2025-11-11,Poor support experience,209
CUST-0475,2025-12-21,2025-12,North America,Basic,Organic Search,19,1,0,74,No,No,No,,,19
CUST-0476,2025-02-09,2025-02,Middle East,Basic,Organic Search,19,7,4,71,No,No,Yes,2025-08-12,Poor support experience,133
CUST-0477,2025-03-15,2025-03,Europe,Basic,Paid Ads,19,10,1,56,No,Yes,No,,,190
CUST-0478,2025-02-28,2025-02,Asia-Pacific,Basic,Organic Search,19,11,2,57,No,No,No,,,209
CUST-0479,2025-12-19,2025-12,North America,Basic,Organic Search,19,1,3,68,No,Yes,No,,,19
CUST-0480,2025-08-09,2025-08,North America,Basic,Social Media,19,2,1,54,Yes,No,Yes,2025-09-13,Price too high,38
CUST-0481,2025-02-19,2025-02,Asia-Pacific,Pro,Organic Search,49,11,2,61,No,Yes,No,,,539
CUST-0482,2025-01-08,2025-01,Middle East,Pro,Partner,49,12,2,94,Yes,No,No,,,588
CUST-0483,2025-07-28,2025-07,Asia-Pacific,Basic,Organic Search,19,3,2,61,No,No,Yes,2025-09-26,Missing features,57
CUST-0484,2025-07-17,2025-07,Middle East,Basic,Organic Search,19,4,3,52,No,No,Yes,2025-10-17,Switched competitor,76
CUST-0485,2025-07-08,2025-07,Asia-Pacific,Basic,Paid Ads,19,6,3,66,No,Yes,No,,,114
CUST-0486,2025-02-03,2025-02,North America,Basic,Organic Search,19,11,2,39,No,No,No,,,209
CUST-0487,2025-09-19,2025-09,Middle East,Basic,Organic Search,19,2,2,76,No,Yes,Yes,2025-10-14,Payment issue,38
CUST-0488,2025-09-13,2025-09,Asia-Pacific,Pro,Paid Ads,49,2,1,58,No,Yes,Yes,2025-10-16,Poor support experience,98
CUST-0489,2025-08-27,2025-08,Middle East,Basic,Paid Ads,19,3,2,71,No,No,Yes,2025-10-27,Switched competitor,57
CUST-0490,2025-03-02,2025-03,North America,Basic,Paid Ads,19,10,1,56,No,No,No,,,190
CUST-0491,2025-10-20,2025-10,Europe,Basic,Organic Search,19,3,3,59,No,No,No,,,57
CUST-0492,2025-02-01,2025-02,North America,Basic,Social Media,19,3,0,79,Yes,No,Yes,2025-04-02,Switched competitor,57
CUST-0493,2025-07-30,2025-07,Middle East,Basic,Organic Search,19,4,1,35,No,Yes,Yes,2025-10-28,Price too high,76
CUST-0494,2025-12-03,2025-12,Europe,Enterprise,Partner,149,1,0,100,No,No,No,,,149
CUST-0495,2025-07-19,2025-07,North America,Basic,Paid Ads,19,6,1,43,No,No,No,,,114
CUST-0496,2025-02-08,2025-02,Europe,Pro,Organic Search,49,3,5,85,No,No,Yes,2025-04-13,Price too high,147
CUST-0497,2025-06-22,2025-06,Europe,Basic,Paid Ads,19,7,1,62,Yes,No,No,,,133
CUST-0498,2025-12-10,2025-12,North America,Pro,Organic Search,49,1,1,33,No,No,No,,,49
CUST-0499,2025-08-28,2025-08,Middle East,Basic,Social Media,19,2,3,23,No,No,Yes,2025-09-25,Low product usage,38
CUST-0500,2025-03-17,2025-03,Middle East,Basic,Social Media,19,10,2,39,No,No,Yes,2025-12-31,Low product usage,190
CUST-0501,2025-10-14,2025-10,Europe,Enterprise,Partner,149,3,1,89,Yes,No,No,,,447
CUST-0502,2025-01-22,2025-01,Europe,Enterprise,Organic Search,149,12,1,70,No,No,No,,,1788
CUST-0503,2025-10-25,2025-10,Asia-Pacific,Enterprise,Organic Search,149,3,1,67,No,No,No,,,447
CUST-0504,2025-05-01,2025-05,North America,Enterprise,Organic Search,149,8,1,90,No,No,No,,,1192
CUST-0505,2025-03-16,2025-03,Middle East,Basic,Social Media,19,10,5,61,No,No,No,,,190
CUST-0506,2025-03-04,2025-03,North America,Pro,Paid Ads,49,10,5,70,No,No,No,,,490
CUST-0507,2025-01-18,2025-01,North America,Basic,Social Media,19,7,0,56,No,No,Yes,2025-07-18,Missing features,133
CUST-0508,2025-10-08,2025-10,Europe,Pro,Organic Search,49,3,3,76,No,No,No,,,147
CUST-0509,2025-06-10,2025-06,North America,Pro,Organic Search,49,7,1,38,No,Yes,No,,,343
CUST-0510,2025-10-31,2025-10,Middle East,Pro,Organic Search,49,3,1,73,No,No,No,,,147
CUST-0511,2025-10-13,2025-10,Middle East,Pro,Partner,49,3,2,66,No,Yes,No,,,147
CUST-0512,2025-02-15,2025-02,North America,Enterprise,Referral,149,11,2,77,No,No,No,,,1639
CUST-0513,2025-04-21,2025-04,North America,Enterprise,Referral,149,8,0,85,No,No,Yes,2025-11-14,Switched competitor,1192
CUST-0514,2025-12-21,2025-12,North America,Basic,Paid Ads,19,1,0,66,Yes,No,Yes,2025-12-31,Payment issue,19
CUST-0515,2025-07-01,2025-07,Asia-Pacific,Enterprise,Partner,149,6,0,58,Yes,No,No,,,894
CUST-0516,2025-10-25,2025-10,North America,Basic,Paid Ads,19,3,1,72,Yes,No,No,,,57
CUST-0517,2025-03-07,2025-03,Asia-Pacific,Basic,Organic Search,19,10,1,69,No,No,No,,,190
CUST-0518,2025-11-22,2025-11,North America,Pro,Organic Search,49,2,1,72,No,No,No,,,98
CUST-0519,2025-09-11,2025-09,Europe,Basic,Referral,19,4,0,56,No,No,No,,,76
CUST-0520,2025-03-28,2025-03,Asia-Pacific,Pro,Referral,49,10,1,57,No,Yes,No,,,490
CUST-0521,2025-07-11,2025-07,Asia-Pacific,Pro,Social Media,49,5,2,74,No,No,Yes,2025-11-03,Missing features,245
CUST-0522,2025-08-20,2025-08,Middle East,Basic,Referral,19,4,3,48,No,Yes,Yes,2025-11-14,Missing features,76
CUST-0523,2025-11-05,2025-11,Europe,Basic,Organic Search,19,2,4,47,Yes,No,Yes,2025-12-06,Missing features,38
CUST-0524,2025-12-01,2025-12,North America,Basic,Social Media,19,1,1,14,No,No,No,,,19
CUST-0525,2025-02-19,2025-02,Europe,Pro,Paid Ads,49,7,2,54,No,No,Yes,2025-08-18,Switched competitor,343
CUST-0526,2025-12-13,2025-12,Middle East,Basic,Organic Search,19,1,0,55,No,No,No,,,19
CUST-0527,2025-09-02,2025-09,Asia-Pacific,Basic,Referral,19,4,1,67,No,No,No,,,76
CUST-0528,2025-07-31,2025-07,Middle East,Basic,Referral,19,3,2,68,Yes,No,Yes,2025-09-04,Payment issue,57
CUST-0529,2025-04-04,2025-04,North America,Pro,Paid Ads,49,8,1,53,No,No,Yes,2025-11-04,Price too high,392
CUST-0530,2025-12-11,2025-12,Europe,Basic,Organic Search,19,1,2,62,No,No,No,,,19
CUST-0531,2025-11-05,2025-11,North America,Pro,Social Media,49,2,0,49,No,No,Yes,2025-12-31,Price too high,98
CUST-0532,2025-02-27,2025-02,Middle East,Pro,Organic Search,49,5,3,71,No,No,Yes,2025-06-29,Price too high,245
CUST-0533,2025-08-05,2025-08,North America,Basic,Organic Search,19,5,1,10,No,No,Yes,2025-12-28,Price too high,95
CUST-0534,2025-08-10,2025-08,Asia-Pacific,Enterprise,Referral,149,5,0,63,No,No,No,,,745
CUST-0535,2025-09-07,2025-09,North America,Basic,Organic Search,19,4,0,44,No,No,No,,,76
CUST-0536,2025-08-18,2025-08,North America,Pro,Organic Search,49,5,2,83,No,No,No,,,245
CUST-0537,2025-03-09,2025-03,Middle East,Enterprise,Paid Ads,149,10,0,97,No,No,No,,,1490
CUST-0538,2025-08-01,2025-08,Europe,Enterprise,Organic Search,149,5,0,52,No,No,No,,,745
CUST-0539,2025-06-22,2025-06,Middle East,Basic,Organic Search,19,2,2,68,No,No,Yes,2025-07-25,Price too high,38
CUST-0540,2025-03-19,2025-03,Asia-Pacific,Pro,Referral,49,10,2,71,No,No,No,,,490
CUST-0541,2025-03-02,2025-03,Asia-Pacific,Enterprise,Organic Search,149,10,0,94,No,No,No,,,1490
CUST-0542,2025-06-24,2025-06,North America,Basic,Organic Search,19,7,1,36,No,Yes,No,,,133
CUST-0543,2025-09-22,2025-09,Europe,Pro,Organic Search,49,2,1,70,No,No,Yes,2025-10-22,Low product usage,98
CUST-0544,2025-03-26,2025-03,Europe,Basic,Organic Search,19,10,2,50,No,No,No,,,190
CUST-0545,2025-06-26,2025-06,North America,Basic,Paid Ads,19,7,3,41,No,Yes,No,,,133
CUST-0546,2025-04-12,2025-04,North America,Enterprise,Paid Ads,149,8,0,94,No,No,Yes,2025-11-11,Missing features,1192
CUST-0547,2025-05-04,2025-05,North America,Pro,Paid Ads,49,7,0,67,No,No,Yes,2025-11-30,Switched competitor,343
CUST-0548,2025-10-25,2025-10,Asia-Pacific,Pro,Referral,49,3,0,62,No,No,No,,,147
CUST-0549,2025-07-13,2025-07,North America,Basic,Paid Ads,19,4,0,38,No,Yes,Yes,2025-10-06,Low product usage,76
CUST-0550,2025-03-08,2025-03,Europe,Basic,Paid Ads,19,10,0,51,No,No,No,,,190
CUST-0551,2025-12-31,2025-12,Asia-Pacific,Basic,Paid Ads,19,1,0,49,No,Yes,No,,,19
CUST-0552,2025-10-14,2025-10,Asia-Pacific,Basic,Referral,19,3,1,59,No,Yes,No,,,57
CUST-0553,2025-06-05,2025-06,North America,Basic,Organic Search,19,5,2,36,No,No,Yes,2025-10-06,Low product usage,95
CUST-0554,2025-01-23,2025-01,Europe,Basic,Referral,19,12,4,36,No,No,No,,,228
CUST-0555,2025-07-22,2025-07,North America,Basic,Referral,19,2,1,60,Yes,Yes,Yes,2025-08-26,Payment issue,38
CUST-0556,2025-12-29,2025-12,Middle East,Basic,Referral,19,1,4,77,No,No,No,,,19
CUST-0557,2025-09-25,2025-09,Europe,Basic,Social Media,19,4,4,83,Yes,Yes,No,,,76
CUST-0558,2025-08-16,2025-08,Europe,Basic,Paid Ads,19,3,0,43,No,No,Yes,2025-10-18,Low product usage,57
CUST-0559,2025-05-12,2025-05,Asia-Pacific,Basic,Paid Ads,19,4,2,66,No,Yes,Yes,2025-08-10,Price too high,76
CUST-0560,2025-01-30,2025-01,North America,Basic,Organic Search,19,2,2,46,No,No,Yes,2025-02-27,Poor support experience,38
CUST-0561,2025-10-28,2025-10,Europe,Basic,Paid Ads,19,2,3,50,No,No,Yes,2025-11-22,Low product usage,38
CUST-0562,2025-04-30,2025-04,North America,Enterprise,Paid Ads,149,9,0,71,No,No,No,,,1341
CUST-0563,2025-05-06,2025-05,Europe,Pro,Partner,49,4,1,68,No,No,Yes,2025-08-06,Price too high,196
CUST-0564,2025-05-09,2025-05,Europe,Pro,Paid Ads,49,8,0,50,No,Yes,No,,,392
CUST-0565,2025-08-10,2025-08,Europe,Basic,Social Media,19,5,4,26,No,No,No,,,95
CUST-0566,2025-11-03,2025-11,Asia-Pacific,Basic,Organic Search,19,2,3,43,Yes,Yes,Yes,2025-12-06,Payment issue,38
CUST-0567,2025-12-27,2025-12,Europe,Basic,Organic Search,19,1,3,36,No,No,No,,,19
CUST-0568,2025-08-16,2025-08,Europe,Pro,Social Media,49,3,2,53,No,No,Yes,2025-10-17,Low product usage,147
CUST-0569,2025-04-09,2025-04,North America,Basic,Organic Search,19,9,1,94,No,Yes,No,,,171
CUST-0570,2025-04-18,2025-04,Asia-Pacific,Basic,Referral,19,9,3,64,No,Yes,No,,,171
CUST-0571,2025-04-27,2025-04,Middle East,Enterprise,Organic Search,149,5,1,72,No,No,Yes,2025-08-26,Missing features,745
CUST-0572,2025-11-29,2025-11,Asia-Pacific,Basic,Paid Ads,19,2,3,54,No,No,No,,,38
CUST-0573,2025-04-25,2025-04,Asia-Pacific,Basic,Paid Ads,19,9,1,71,No,No,Yes,2025-12-31,Price too high,171
CUST-0574,2025-09-03,2025-09,North America,Basic,Social Media,19,4,4,41,No,No,No,,,76
CUST-0575,2025-05-02,2025-05,Middle East,Enterprise,Referral,149,1,1,50,No,Yes,Yes,2025-05-27,Low product usage,149
CUST-0576,2025-12-22,2025-12,North America,Basic,Partner,19,1,1,60,No,Yes,No,,,19
CUST-0577,2025-10-14,2025-10,Asia-Pacific,Basic,Paid Ads,19,3,1,42,No,No,No,,,57
CUST-0578,2025-08-08,2025-08,Middle East,Enterprise,Paid Ads,149,3,3,63,No,No,Yes,2025-10-11,Poor support experience,447
CUST-0579,2025-10-31,2025-10,North America,Pro,Referral,49,3,1,57,No,No,No,,,147
CUST-0580,2025-01-31,2025-01,Europe,Basic,Paid Ads,19,12,1,41,No,No,Yes,2025-12-31,Low product usage,228
CUST-0581,2025-04-13,2025-04,North America,Pro,Organic Search,49,9,2,86,No,No,No,,,441
CUST-0582,2025-09-11,2025-09,North America,Basic,Organic Search,19,4,2,79,No,No,No,,,76
CUST-0583,2025-04-05,2025-04,North America,Pro,Organic Search,49,9,0,85,No,No,No,,,441
CUST-0584,2025-10-11,2025-10,North America,Basic,Organic Search,19,3,2,63,No,Yes,No,,,57
CUST-0585,2025-04-18,2025-04,North America,Basic,Social Media,19,4,0,18,No,No,Yes,2025-07-14,Payment issue,76
CUST-0586,2025-03-08,2025-03,North America,Pro,Paid Ads,49,2,0,85,No,No,Yes,2025-04-11,Missing features,98
CUST-0587,2025-10-02,2025-10,North America,Basic,Organic Search,19,3,1,44,Yes,No,No,,,57
CUST-0588,2025-08-29,2025-08,Middle East,Pro,Organic Search,49,5,0,92,No,No,No,,,245
CUST-0589,2025-09-11,2025-09,Europe,Basic,Referral,19,4,2,29,No,No,No,,,76
CUST-0590,2025-07-13,2025-07,Asia-Pacific,Pro,Paid Ads,49,6,1,64,Yes,No,No,,,294
CUST-0591,2025-07-29,2025-07,Europe,Basic,Organic Search,19,6,3,58,No,Yes,Yes,2025-12-25,Switched competitor,114
CUST-0592,2025-02-20,2025-02,Europe,Basic,Paid Ads,19,11,1,78,No,No,No,,,209
CUST-0593,2025-06-27,2025-06,Europe,Pro,Paid Ads,49,7,0,55,No,No,No,,,343
CUST-0594,2025-10-10,2025-10,Middle East,Pro,Paid Ads,49,3,2,52,No,No,No,,,147
CUST-0595,2025-10-13,2025-10,North America,Basic,Social Media,19,3,1,82,No,No,No,,,57
CUST-0596,2025-07-26,2025-07,Middle East,Pro,Organic Search,49,6,0,55,Yes,Yes,No,,,294
CUST-0597,2025-07-20,2025-07,North America,Enterprise,Paid Ads,149,6,0,73,No,No,Yes,2025-12-31,Missing features,894
CUST-0598,2025-04-06,2025-04,Asia-Pacific,Basic,Paid Ads,19,3,2,69,No,No,Yes,2025-06-05,Switched competitor,57
CUST-0599,2025-07-30,2025-07,Asia-Pacific,Basic,Organic Search,19,6,0,69,No,No,No,,,114
CUST-0600,2025-10-22,2025-10,Europe,Enterprise,Paid Ads,149,2,0,62,Yes,No,Yes,2025-11-22,Payment issue,298
CUST-0601,2025-05-07,2025-05,Asia-Pacific,Pro,Social Media,49,8,0,73,No,No,No,,,392
CUST-0602,2025-05-08,2025-05,Middle East,Basic,Paid Ads,19,3,0,72,No,Yes,Yes,2025-07-04,Price too high,57
CUST-0603,2025-11-18,2025-11,Middle East,Pro,Organic Search,49,2,1,29,No,No,Yes,2025-12-31,Price too high,98
CUST-0604,2025-02-23,2025-02,Middle East,Basic,Paid Ads,19,8,2,65,Yes,Yes,Yes,2025-09-20,Price too high,152
CUST-0605,2025-03-11,2025-03,Middle East,Basic,Paid Ads,19,2,3,64,No,No,Yes,2025-04-09,Payment issue,38
CUST-0606,2025-03-29,2025-03,Middle East,Pro,Organic Search,49,2,3,88,No,No,Yes,2025-04-27,Price too high,98
CUST-0607,2025-07-03,2025-07,Middle East,Basic,Social Media,19,4,0,51,Yes,No,Yes,2025-10-30,Poor support experience,76
CUST-0608,2025-11-03,2025-11,Middle East,Basic,Social Media,19,2,3,47,No,Yes,No,,,38
CUST-0609,2025-06-22,2025-06,Middle East,Pro,Organic Search,49,3,2,65,No,No,Yes,2025-08-24,Price too high,147
CUST-0610,2025-06-17,2025-06,Middle East,Basic,Referral,19,2,3,47,No,Yes,Yes,2025-07-17,Price too high,38
CUST-0611,2025-07-25,2025-07,North America,Pro,Organic Search,49,2,2,93,No,No,Yes,2025-08-22,Low product usage,98
CUST-0612,2025-11-03,2025-11,Asia-Pacific,Basic,Referral,19,2,2,15,No,No,Yes,2025-12-03,Switched competitor,38
CUST-0613,2025-12-23,2025-12,Asia-Pacific,Basic,Social Media,19,1,2,63,No,No,No,,,19
CUST-0614,2025-12-08,2025-12,North America,Basic,Referral,19,1,1,46,No,Yes,No,,,19
CUST-0615,2025-01-07,2025-01,Middle East,Basic,Social Media,19,2,1,82,No,No,Yes,2025-02-06,Missing features,38
CUST-0616,2025-04-14,2025-04,North America,Basic,Organic Search,19,9,3,43,No,No,Yes,2025-12-31,Low product usage,171
CUST-0617,2025-04-16,2025-04,Asia-Pacific,Pro,Referral,49,5,1,95,No,No,Yes,2025-08-16,Price too high,245
CUST-0618,2025-04-09,2025-04,Asia-Pacific,Basic,Partner,19,9,2,62,No,No,No,,,171
CUST-0619,2025-10-23,2025-10,Middle East,Basic,Organic Search,19,3,2,47,No,No,No,,,57
CUST-0620,2025-08-10,2025-08,Asia-Pacific,Pro,Social Media,49,5,3,70,No,No,No,,,245
CUST-0621,2025-08-26,2025-08,North America,Basic,Referral,19,3,1,56,No,Yes,Yes,2025-10-28,Poor support experience,57
CUST-0622,2025-07-11,2025-07,Asia-Pacific,Basic,Partner,19,4,3,51,No,No,Yes,2025-10-05,Low product usage,76
CUST-0623,2025-10-17,2025-10,Middle East,Basic,Partner,19,3,2,25,No,No,Yes,2025-12-31,Payment issue,57
CUST-0624,2025-05-07,2025-05,North America,Basic,Social Media,19,8,0,35,No,No,Yes,2025-12-29,Missing features,152
CUST-0625,2025-07-16,2025-07,Europe,Basic,Partner,19,6,1,53,No,No,No,,,114
CUST-0626,2025-07-30,2025-07,Asia-Pacific,Pro,Social Media,49,6,3,82,No,No,Yes,2025-12-24,Payment issue,294
CUST-0627,2025-01-01,2025-01,Middle East,Basic,Paid Ads,19,12,1,62,No,Yes,No,,,228
CUST-0628,2025-07-29,2025-07,Asia-Pacific,Basic,Organic Search,19,2,1,49,Yes,Yes,Yes,2025-08-23,Payment issue,38
CUST-0629,2025-09-02,2025-09,Middle East,Basic,Organic Search,19,1,1,99,No,No,Yes,2025-09-30,Missing features,19
CUST-0630,2025-01-04,2025-01,Europe,Basic,Partner,19,12,2,75,No,No,Yes,2025-12-31,Poor support experience,228
CUST-0631,2025-03-13,2025-03,North America,Basic,Paid Ads,19,6,4,45,No,No,Yes,2025-08-15,Switched competitor,114
CUST-0632,2025-06-14,2025-06,Europe,Basic,Organic Search,19,4,2,40,No,No,Yes,2025-09-13,Payment issue,76
CUST-0633,2025-09-01,2025-09,Asia-Pacific,Enterprise,Partner,149,4,1,61,No,No,No,,,596
CUST-0634,2025-03-07,2025-03,North America,Basic,Social Media,19,8,6,53,No,No,Yes,2025-10-28,Low product usage,152
CUST-0635,2025-06-17,2025-06,Middle East,Enterprise,Organic Search,149,7,1,96,No,No,No,,,1043
CUST-0636,2025-11-04,2025-11,North America,Basic,Partner,19,2,2,26,No,No,No,,,38
CUST-0637,2025-04-30,2025-04,North America,Basic,Organic Search,19,2,4,70,No,No,Yes,2025-05-30,Price too high,38
CUST-0638,2025-06-10,2025-06,Europe,Enterprise,Organic Search,149,7,2,84,No,No,No,,,1043
CUST-0639,2025-07-22,2025-07,Asia-Pacific,Basic,Organic Search,19,6,2,41,No,No,Yes,2025-12-31,Low product usage,114
CUST-0640,2025-12-19,2025-12,Asia-Pacific,Basic,Referral,19,1,0,59,No,No,No,,,19
CUST-0641,2025-06-20,2025-06,Middle East,Basic,Social Media,19,7,3,49,No,No,No,,,133
CUST-0642,2025-01-12,2025-01,North America,Pro,Referral,49,12,3,66,No,No,No,,,588
CUST-0643,2025-03-25,2025-03,Europe,Pro,Paid Ads,49,10,2,60,No,No,No,,,490
CUST-0644,2025-01-29,2025-01,Asia-Pacific,Basic,Organic Search,19,5,5,71,No,No,Yes,2025-05-27,Poor support experience,95
CUST-0645,2025-06-04,2025-06,Asia-Pacific,Pro,Referral,49,7,0,87,No,No,No,,,343
CUST-0646,2025-02-12,2025-02,Middle East,Basic,Partner,19,3,2,78,No,No,Yes,2025-04-17,Price too high,57
CUST-0647,2025-09-05,2025-09,Middle East,Enterprise,Organic Search,149,4,2,87,No,No,No,,,596
CUST-0648,2025-10-02,2025-10,Europe,Pro,Organic Search,49,3,2,48,No,No,No,,,147
CUST-0649,2025-03-02,2025-03,Europe,Basic,Organic Search,19,5,0,44,Yes,Yes,Yes,2025-07-26,Low product usage,95
CUST-0650,2025-07-06,2025-07,North America,Enterprise,Partner,149,6,0,64,Yes,No,No,,,894
CUST-0651,2025-06-30,2025-06,Europe,Pro,Referral,49,5,1,63,Yes,Yes,Yes,2025-10-01,Low product usage,245
CUST-0652,2025-07-03,2025-07,Middle East,Basic,Paid Ads,19,6,1,50,No,Yes,No,,,114
CUST-0653,2025-11-19,2025-11,Asia-Pacific,Pro,Referral,49,2,2,84,No,No,No,,,98
CUST-0654,2025-03-20,2025-03,Middle East,Basic,Paid Ads,19,5,3,51,No,No,Yes,2025-07-18,Poor support experience,95
CUST-0655,2025-03-16,2025-03,North America,Enterprise,Organic Search,149,10,0,100,No,No,No,,,1490
CUST-0656,2025-11-08,2025-11,North America,Basic,Organic Search,19,2,2,43,No,No,No,,,38
CUST-0657,2025-07-26,2025-07,North America,Basic,Organic Search,19,3,1,54,Yes,No,Yes,2025-09-29,Switched competitor,57
CUST-0658,2025-12-29,2025-12,Middle East,Pro,Paid Ads,49,1,0,73,No,No,No,,,49
CUST-0659,2025-08-08,2025-08,Middle East,Pro,Partner,49,5,2,93,Yes,No,Yes,2025-12-04,Switched competitor,245
CUST-0660,2025-03-26,2025-03,North America,Pro,Organic Search,49,4,3,53,Yes,No,Yes,2025-06-26,Payment issue,196
CUST-0661,2025-12-13,2025-12,Middle East,Enterprise,Paid Ads,149,1,0,49,No,No,No,,,149
CUST-0662,2025-06-26,2025-06,Middle East,Basic,Partner,19,7,3,21,No,No,Yes,2025-12-31,Low product usage,133
CUST-0663,2025-01-27,2025-01,Europe,Basic,Paid Ads,19,3,4,81,No,No,Yes,2025-03-27,Poor support experience,57
CUST-0664,2025-05-16,2025-05,Middle East,Basic,Referral,19,3,2,70,No,No,Yes,2025-07-17,Switched competitor,57
CUST-0665,2025-09-07,2025-09,North America,Basic,Paid Ads,19,3,2,63,No,No,Yes,2025-11-07,Missing features,57
CUST-0666,2025-02-13,2025-02,Asia-Pacific,Pro,Paid Ads,49,11,1,66,No,No,No,,,539
CUST-0667,2025-01-03,2025-01,Asia-Pacific,Basic,Organic Search,19,12,2,59,No,No,No,,,228
CUST-0668,2025-07-24,2025-07,Asia-Pacific,Basic,Social Media,19,2,1,60,Yes,Yes,Yes,2025-08-26,Price too high,38
CUST-0669,2025-12-17,2025-12,Middle East,Basic,Paid Ads,19,1,4,50,No,No,No,,,19
CUST-0670,2025-08-08,2025-08,North America,Basic,Paid Ads,19,5,2,85,No,No,No,,,95
CUST-0671,2025-12-25,2025-12,Middle East,Pro,Organic Search,49,1,2,47,No,Yes,No,,,49
CUST-0672,2025-05-21,2025-05,Asia-Pacific,Enterprise,Paid Ads,149,8,0,70,Yes,No,No,,,1192
CUST-0673,2025-05-18,2025-05,Asia-Pacific,Basic,Referral,19,8,2,93,No,Yes,No,,,152
CUST-0674,2025-06-21,2025-06,North America,Basic,Organic Search,19,7,0,43,No,No,No,,,133
CUST-0675,2025-02-24,2025-02,Middle East,Basic,Organic Search,19,4,0,34,No,Yes,Yes,2025-05-28,Missing features,76
CUST-0676,2025-06-04,2025-06,Asia-Pacific,Pro,Organic Search,49,7,1,62,No,No,No,,,343
CUST-0677,2025-03-02,2025-03,North America,Enterprise,Paid Ads,149,2,2,67,Yes,No,Yes,2025-04-26,Switched competitor,298
CUST-0678,2025-02-01,2025-02,Middle East,Pro,Social Media,49,11,0,84,No,No,No,,,539
CUST-0679,2025-09-20,2025-09,Middle East,Basic,Paid Ads,19,3,1,66,No,No,Yes,2025-11-17,Low product usage,57
CUST-0680,2025-11-24,2025-11,Asia-Pacific,Basic,Partner,19,2,1,86,No,Yes,No,,,38
CUST-0681,2025-01-01,2025-01,Middle East,Pro,Partner,49,6,0,100,No,No,Yes,2025-06-30,Price too high,294
CUST-0682,2025-05-24,2025-05,Asia-Pacific,Basic,Paid Ads,19,8,4,50,No,Yes,No,,,152
CUST-0683,2025-05-18,2025-05,Middle East,Basic,Social Media,19,8,1,66,No,No,No,,,152
CUST-0684,2025-04-03,2025-04,North America,Pro,Organic Search,49,2,2,84,No,Yes,Yes,2025-05-01,Low product usage,98
CUST-0685,2025-11-27,2025-11,North America,Enterprise,Paid Ads,149,2,0,43,No,No,Yes,2025-12-22,Poor support experience,298
CUST-0686,2025-11-26,2025-11,North America,Enterprise,Social Media,149,2,0,100,No,No,Yes,2025-12-22,Missing features,298
CUST-0687,2025-06-23,2025-06,North America,Pro,Organic Search,49,7,1,30,No,No,Yes,2025-12-15,Price too high,343
CUST-0688,2025-06-01,2025-06,Asia-Pacific,Basic,Paid Ads,19,7,3,55,No,No,No,,,133
CUST-0689,2025-09-09,2025-09,North America,Basic,Organic Search,19,4,3,50,No,Yes,No,,,76
CUST-0690,2025-04-02,2025-04,North America,Basic,Organic Search,19,9,0,72,No,No,No,,,171
CUST-0691,2025-03-18,2025-03,North America,Pro,Organic Search,49,10,0,78,No,No,No,,,490
CUST-0692,2025-07-31,2025-07,Middle East,Pro,Organic Search,49,6,4,54,No,No,Yes,2025-12-29,Poor support experience,294
CUST-0693,2025-12-22,2025-12,North America,Pro,Organic Search,49,1,1,77,No,No,No,,,49
CUST-0694,2025-03-10,2025-03,North America,Enterprise,Paid Ads,149,8,2,46,No,No,Yes,2025-10-03,Price too high,1192
CUST-0695,2025-12-23,2025-12,Europe,Pro,Organic Search,49,1,3,64,No,No,Yes,2025-12-31,Switched competitor,49
CUST-0696,2025-01-16,2025-01,North America,Basic,Organic Search,19,3,4,57,No,No,Yes,2025-03-20,Poor support experience,57
CUST-0697,2025-06-03,2025-06,Middle East,Basic,Paid Ads,19,3,2,52,Yes,Yes,Yes,2025-08-29,Price too high,57
CUST-0698,2025-08-05,2025-08,Asia-Pacific,Pro,Paid Ads,49,2,3,32,No,No,Yes,2025-09-30,Low product usage,98
CUST-0699,2025-03-06,2025-03,Europe,Pro,Organic Search,49,10,0,88,No,No,No,,,490
CUST-0700,2025-02-23,2025-02,Middle East,Basic,Social Media,19,7,3,57,No,Yes,Yes,2025-08-21,Price too high,133
CUST-0701,2025-10-19,2025-10,Europe,Pro,Social Media,49,3,2,72,No,Yes,No,,,147
CUST-0702,2025-04-10,2025-04,Europe,Basic,Paid Ads,19,5,3,74,No,No,Yes,2025-08-09,Low product usage,95
CUST-0703,2025-01-20,2025-01,North America,Basic,Paid Ads,19,12,2,49,No,No,No,,,228
CUST-0704,2025-07-04,2025-07,Asia-Pacific,Pro,Organic Search,49,6,1,41,No,No,Yes,2025-12-30,Low product usage,294
CUST-0705,2025-02-14,2025-02,Europe,Basic,Organic Search,19,2,2,61,No,No,Yes,2025-03-18,Price too high,38
CUST-0706,2025-08-31,2025-08,Middle East,Enterprise,Paid Ads,149,5,3,56,No,No,No,,,745
CUST-0707,2025-08-14,2025-08,Asia-Pacific,Basic,Partner,19,5,0,74,No,No,No,,,95
CUST-0708,2025-05-06,2025-05,Europe,Pro,Organic Search,49,8,2,78,No,No,No,,,392
CUST-0709,2025-04-03,2025-04,Asia-Pacific,Pro,Partner,49,6,1,56,No,No,Yes,2025-09-27,Switched competitor,294
CUST-0710,2025-03-16,2025-03,North America,Pro,Organic Search,49,4,0,57,No,No,Yes,2025-06-09,Switched competitor,196
CUST-0711,2025-12-17,2025-12,North America,Basic,Organic Search,19,1,2,66,Yes,No,No,,,19
CUST-0712,2025-08-03,2025-08,Middle East,Pro,Organic Search,49,5,2,61,No,No,No,,,245
CUST-0713,2025-12-19,2025-12,Asia-Pacific,Pro,Paid Ads,49,1,3,55,No,No,No,,,49
CUST-0714,2025-04-12,2025-04,Middle East,Basic,Referral,19,9,0,100,No,No,No,,,171
CUST-0715,2025-09-24,2025-09,Asia-Pacific,Pro,Partner,49,2,2,48,No,No,Yes,2025-10-22,Low product usage,98
CUST-0716,2025-10-07,2025-10,Middle East,Pro,Organic Search,49,3,2,79,No,No,No,,,147
CUST-0717,2025-06-07,2025-06,Asia-Pacific,Basic,Referral,19,7,1,39,No,No,No,,,133
CUST-0718,2025-11-01,2025-11,Europe,Basic,Organic Search,19,2,1,32,No,No,No,,,38
CUST-0719,2025-02-20,2025-02,Asia-Pacific,Enterprise,Organic Search,149,7,0,55,No,No,Yes,2025-08-18,Switched competitor,1043
CUST-0720,2025-04-19,2025-04,Europe,Basic,Paid Ads,19,7,2,74,Yes,No,Yes,2025-10-16,Payment issue,133
CUST-0721,2025-09-17,2025-09,Asia-Pacific,Basic,Organic Search,19,4,3,27,No,Yes,Yes,2025-12-13,Poor support experience,76
CUST-0722,2025-09-23,2025-09,Europe,Pro,Paid Ads,49,4,5,53,No,No,No,,,196
CUST-0723,2025-10-23,2025-10,Asia-Pacific,Basic,Paid Ads,19,3,2,36,No,Yes,Yes,2025-12-31,Missing features,57
CUST-0724,2025-07-20,2025-07,Middle East,Pro,Organic Search,49,5,0,53,No,Yes,Yes,2025-11-20,Switched competitor,245
CUST-0725,2025-02-10,2025-02,North America,Pro,Referral,49,10,3,65,No,No,Yes,2025-11-03,Switched competitor,490
CUST-0726,2025-11-18,2025-11,Asia-Pacific,Basic,Social Media,19,2,4,81,Yes,Yes,Yes,2025-12-31,Payment issue,38
CUST-0727,2025-07-05,2025-07,North America,Enterprise,Organic Search,149,6,1,58,No,No,No,,,894
CUST-0728,2025-06-02,2025-06,North America,Basic,Referral,19,7,1,52,No,No,No,,,133
CUST-0729,2025-01-16,2025-01,Europe,Pro,Social Media,49,3,2,84,No,Yes,Yes,2025-03-14,Price too high,147
CUST-0730,2025-09-04,2025-09,North America,Basic,Referral,19,4,1,38,No,No,No,,,76
CUST-0731,2025-05-24,2025-05,North America,Enterprise,Social Media,149,8,0,70,No,No,No,,,1192
CUST-0732,2025-06-30,2025-06,Middle East,Basic,Organic Search,19,7,2,59,No,No,Yes,2025-12-24,Payment issue,133
CUST-0733,2025-08-08,2025-08,Europe,Pro,Organic Search,49,3,1,53,No,Yes,Yes,2025-10-07,Price too high,147
CUST-0734,2025-10-18,2025-10,Asia-Pacific,Pro,Referral,49,3,0,84,No,Yes,No,,,147
CUST-0735,2025-12-10,2025-12,Asia-Pacific,Basic,Paid Ads,19,1,2,39,No,Yes,No,,,19
CUST-0736,2025-09-13,2025-09,North America,Basic,Organic Search,19,2,0,62,No,Yes,Yes,2025-10-08,Missing features,38
CUST-0737,2025-10-22,2025-10,Asia-Pacific,Enterprise,Organic Search,149,2,1,60,No,No,Yes,2025-11-26,Price too high,298
CUST-0738,2025-08-29,2025-08,Asia-Pacific,Basic,Referral,19,5,1,84,No,No,No,,,95
CUST-0739,2025-11-25,2025-11,North America,Enterprise,Paid Ads,149,2,0,73,Yes,Yes,Yes,2025-12-25,Payment issue,298
CUST-0740,2025-08-12,2025-08,North America,Basic,Referral,19,3,3,24,No,Yes,Yes,2025-10-06,Price too high,57
CUST-0741,2025-06-05,2025-06,North America,Basic,Referral,19,3,2,41,Yes,Yes,Yes,2025-08-01,Poor support experience,57
CUST-0742,2025-07-31,2025-07,Middle East,Pro,Paid Ads,49,6,1,88,No,No,No,,,294
CUST-0743,2025-05-05,2025-05,Middle East,Pro,Organic Search,49,4,4,90,Yes,Yes,Yes,2025-08-31,Payment issue,196
CUST-0744,2025-09-28,2025-09,North America,Basic,Partner,19,2,1,29,No,Yes,Yes,2025-10-28,Low product usage,38
CUST-0745,2025-08-20,2025-08,Europe,Enterprise,Social Media,149,5,1,89,No,No,No,,,745
CUST-0746,2025-05-04,2025-05,Europe,Basic,Organic Search,19,8,0,58,No,Yes,No,,,152
CUST-0747,2025-01-26,2025-01,Middle East,Pro,Paid Ads,49,8,1,85,No,No,Yes,2025-08-19,Missing features,392
CUST-0748,2025-05-03,2025-05,North America,Basic,Organic Search,19,8,0,35,No,Yes,No,,,152
CUST-0749,2025-01-02,2025-01,Europe,Basic,Referral,19,2,1,57,No,Yes,Yes,2025-02-28,Low product usage,38
CUST-0750,2025-08-22,2025-08,North America,Basic,Paid Ads,19,5,1,64,No,Yes,No,,,95
CUST-0751,2025-09-08,2025-09,Europe,Enterprise,Organic Search,149,4,3,78,No,No,No,,,596
CUST-0752,2025-06-21,2025-06,Middle East,Basic,Partner,19,7,2,75,No,Yes,No,,,133
CUST-0753,2025-02-27,2025-02,Europe,Basic,Referral,19,4,2,69,No,No,Yes,2025-05-02,Poor support experience,76
CUST-0754,2025-08-09,2025-08,Middle East,Basic,Organic Search,19,5,3,47,No,No,No,,,95
CUST-0755,2025-05-16,2025-05,North America,Enterprise,Paid Ads,149,8,0,52,No,No,No,,,1192
CUST-0756,2025-02-26,2025-02,Europe,Enterprise,Referral,149,6,0,78,No,No,Yes,2025-07-21,Price too high,894
CUST-0757,2025-10-31,2025-10,Europe,Basic,Organic Search,19,3,0,82,Yes,Yes,No,,,57
CUST-0758,2025-10-15,2025-10,North America,Basic,Organic Search,19,3,3,54,No,Yes,No,,,57
CUST-0759,2025-12-14,2025-12,Europe,Pro,Partner,49,1,2,76,No,No,No,,,49
CUST-0760,2025-12-14,2025-12,Asia-Pacific,Enterprise,Organic Search,149,1,1,62,No,No,No,,,149
CUST-0761,2025-06-02,2025-06,Middle East,Pro,Paid Ads,49,7,0,93,No,Yes,No,,,343
CUST-0762,2025-07-30,2025-07,Asia-Pacific,Basic,Organic Search,19,6,2,47,Yes,No,No,,,114
CUST-0763,2025-01-28,2025-01,Europe,Pro,Paid Ads,49,2,4,69,No,No,Yes,2025-02-22,Missing features,98
CUST-0764,2025-11-29,2025-11,Europe,Basic,Social Media,19,2,0,43,No,Yes,No,,,38
CUST-0765,2025-01-28,2025-01,Europe,Pro,Referral,49,9,2,66,No,No,Yes,2025-09-22,Missing features,441
CUST-0766,2025-03-03,2025-03,North America,Basic,Organic Search,19,10,3,58,No,No,No,,,190
CUST-0767,2025-03-16,2025-03,North America,Pro,Social Media,49,10,1,58,No,No,No,,,490
CUST-0768,2025-08-06,2025-08,North America,Basic,Organic Search,19,5,0,70,Yes,No,No,,,95
CUST-0769,2025-08-23,2025-08,Asia-Pacific,Basic,Paid Ads,19,3,3,38,No,No,Yes,2025-10-27,Low product usage,57
CUST-0770,2025-12-02,2025-12,North America,Pro,Referral,49,1,2,53,No,No,No,,,49
CUST-0771,2025-11-27,2025-11,Asia-Pacific,Basic,Referral,19,2,3,80,No,No,No,,,38
CUST-0772,2025-10-29,2025-10,North America,Enterprise,Referral,149,3,0,79,No,No,No,,,447
CUST-0773,2025-09-01,2025-09,North America,Basic,Social Media,19,4,4,39,Yes,No,No,,,76
CUST-0774,2025-02-01,2025-02,North America,Pro,Social Media,49,11,3,81,No,No,No,,,539
CUST-0775,2025-03-24,2025-03,Europe,Basic,Social Media,19,2,2,57,No,Yes,Yes,2025-04-20,Switched competitor,38
CUST-0776,2025-07-04,2025-07,Europe,Pro,Social Media,49,6,0,90,No,No,No,,,294
CUST-0777,2025-10-14,2025-10,Asia-Pacific,Pro,Paid Ads,49,3,0,42,No,Yes,Yes,2025-12-15,Low product usage,147
CUST-0778,2025-11-04,2025-11,North America,Pro,Social Media,49,2,1,100,No,No,No,,,98
CUST-0779,2025-05-28,2025-05,Europe,Basic,Social Media,19,3,3,46,No,Yes,Yes,2025-07-29,Switched competitor,57
CUST-0780,2025-05-15,2025-05,North America,Pro,Paid Ads,49,6,2,100,Yes,No,Yes,2025-10-14,Price too high,294
CUST-0781,2025-10-16,2025-10,Middle East,Enterprise,Social Media,149,3,4,87,No,No,Yes,2025-12-18,Poor support experience,447
CUST-0782,2025-03-08,2025-03,North America,Basic,Organic Search,19,4,0,53,No,No,Yes,2025-06-01,Price too high,76
CUST-0783,2025-04-11,2025-04,Asia-Pacific,Pro,Referral,49,9,1,45,Yes,No,No,,,441
CUST-0784,2025-08-12,2025-08,North America,Enterprise,Organic Search,149,3,2,77,No,No,Yes,2025-10-06,Switched competitor,447
CUST-0785,2025-05-08,2025-05,North America,Pro,Organic Search,49,8,1,72,No,No,No,,,392
CUST-0786,2025-09-11,2025-09,Asia-Pacific,Pro,Social Media,49,4,2,52,No,No,No,,,196
CUST-0787,2025-06-13,2025-06,Europe,Pro,Organic Search,49,3,3,51,No,No,Yes,2025-08-15,Price too high,147
CUST-0788,2025-10-11,2025-10,Europe,Basic,Social Media,19,3,4,93,No,No,Yes,2025-12-12,Payment issue,57
CUST-0789,2025-05-19,2025-05,Europe,Basic,Social Media,19,4,3,62,No,No,Yes,2025-08-15,Low product usage,76
CUST-0790,2025-12-04,2025-12,North America,Basic,Organic Search,19,1,1,50,Yes,No,No,,,19
CUST-0791,2025-05-15,2025-05,Europe,Pro,Social Media,49,8,0,96,No,No,No,,,392
CUST-0792,2025-10-01,2025-10,Europe,Basic,Referral,19,3,1,53,No,No,Yes,2025-12-31,Switched competitor,57
CUST-0793,2025-02-13,2025-02,Middle East,Enterprise,Organic Search,149,5,0,73,No,No,Yes,2025-06-12,Missing features,745
CUST-0794,2025-06-14,2025-06,Asia-Pacific,Pro,Paid Ads,49,6,1,68,Yes,No,Yes,2025-11-15,Payment issue,294
CUST-0795,2025-02-02,2025-02,North America,Basic,Social Media,19,11,2,76,No,Yes,No,,,209
CUST-0796,2025-05-13,2025-05,North America,Enterprise,Social Media,149,2,2,57,Yes,No,Yes,2025-06-15,Poor support experience,298
CUST-0797,2025-09-19,2025-09,North America,Basic,Referral,19,3,3,31,Yes,No,Yes,2025-11-22,Poor support experience,57
CUST-0798,2025-06-21,2025-06,Asia-Pacific,Enterprise,Paid Ads,149,3,2,70,Yes,No,Yes,2025-08-24,Price too high,447
CUST-0799,2025-11-08,2025-11,North America,Basic,Referral,19,2,2,23,No,No,No,,,38
CUST-0800,2025-12-03,2025-12,Europe,Pro,Partner,49,1,2,71,No,No,No,,,49
CUST-0801,2025-10-22,2025-10,Middle East,Pro,Paid Ads,49,3,3,93,No,No,No,,,147
CUST-0802,2025-04-10,2025-04,North America,Pro,Organic Search,49,9,1,98,No,No,No,,,441
CUST-0803,2025-12-01,2025-12,North America,Basic,Social Media,19,1,2,88,No,No,No,,,19
CUST-0804,2025-07-28,2025-07,Middle East,Pro,Referral,49,6,2,52,No,No,No,,,294
CUST-0805,2025-08-21,2025-08,North America,Basic,Organic Search,19,2,0,41,No,Yes,Yes,2025-09-21,Price too high,38
CUST-0806,2025-03-27,2025-03,North America,Enterprise,Social Media,149,4,3,56,No,No,Yes,2025-06-25,Missing features,596
CUST-0807,2025-11-12,2025-11,Middle East,Basic,Organic Search,19,2,4,33,No,No,No,,,38
CUST-0808,2025-09-02,2025-09,Middle East,Pro,Referral,49,2,0,50,No,Yes,Yes,2025-10-06,Low product usage,98
CUST-0809,2025-11-29,2025-11,North America,Basic,Organic Search,19,2,2,40,No,Yes,Yes,2025-12-31,Payment issue,38
CUST-0810,2025-10-24,2025-10,Asia-Pacific,Basic,Organic Search,19,3,0,75,No,Yes,No,,,57
CUST-0811,2025-08-09,2025-08,Europe,Basic,Referral,19,5,3,63,Yes,No,No,,,95
CUST-0812,2025-02-24,2025-02,Middle East,Enterprise,Organic Search,149,6,1,100,No,Yes,Yes,2025-07-19,Low product usage,894
CUST-0813,2025-05-25,2025-05,Europe,Enterprise,Referral,149,8,0,71,No,No,No,,,1192
CUST-0814,2025-03-01,2025-03,Asia-Pacific,Enterprise,Social Media,149,7,1,82,No,No,Yes,2025-09-23,Switched competitor,1043
CUST-0815,2025-09-24,2025-09,Asia-Pacific,Basic,Referral,19,4,2,51,No,Yes,No,,,76
CUST-0816,2025-05-16,2025-05,Europe,Basic,Organic Search,19,8,1,55,No,Yes,Yes,2025-12-31,Missing features,152
CUST-0817,2025-11-20,2025-11,Middle East,Pro,Paid Ads,49,2,1,58,No,No,No,,,98
CUST-0818,2025-11-19,2025-11,Europe,Basic,Paid Ads,19,2,2,60,No,No,No,,,38
CUST-0819,2025-06-16,2025-06,Europe,Basic,Organic Search,19,2,4,47,No,No,Yes,2025-07-18,Payment issue,38
CUST-0820,2025-09-08,2025-09,Middle East,Pro,Organic Search,49,4,1,80,No,No,No,,,196
CUST-0821,2025-08-15,2025-08,North America,Basic,Organic Search,19,5,1,56,No,Yes,No,,,95
CUST-0822,2025-02-26,2025-02,Middle East,Enterprise,Paid Ads,149,11,0,73,No,No,No,,,1639
CUST-0823,2025-04-28,2025-04,North America,Basic,Paid Ads,19,7,0,66,No,Yes,Yes,2025-10-24,Low product usage,133
CUST-0824,2025-04-28,2025-04,Middle East,Pro,Organic Search,49,5,1,35,No,No,Yes,2025-08-29,Missing features,245
CUST-0825,2025-08-01,2025-08,Middle East,Basic,Paid Ads,19,5,2,51,No,No,No,,,95
CUST-0826,2025-06-04,2025-06,North America,Basic,Organic Search,19,7,1,38,No,Yes,Yes,2025-12-31,Missing features,133
CUST-0827,2025-07-10,2025-07,Middle East,Pro,Paid Ads,49,6,1,66,No,No,No,,,294
CUST-0828,2025-10-15,2025-10,Asia-Pacific,Basic,Paid Ads,19,3,2,64,No,No,No,,,57
CUST-0829,2025-09-10,2025-09,North America,Basic,Paid Ads,19,2,2,67,No,No,Yes,2025-10-08,Poor support experience,38
CUST-0830,2025-09-08,2025-09,North America,Pro,Referral,49,4,0,93,No,No,No,,,196
CUST-0831,2025-07-12,2025-07,North America,Basic,Paid Ads,19,6,2,63,No,Yes,No,,,114
CUST-0832,2025-08-03,2025-08,North America,Basic,Paid Ads,19,5,1,94,No,No,No,,,95
CUST-0833,2025-04-15,2025-04,Asia-Pacific,Pro,Paid Ads,49,9,0,55,No,No,No,,,441
CUST-0834,2025-01-03,2025-01,North America,Basic,Referral,19,2,1,51,Yes,No,Yes,2025-02-02,Payment issue,38
CUST-0835,2025-04-26,2025-04,North America,Basic,Organic Search,19,9,1,93,No,No,No,,,171
CUST-0836,2025-04-02,2025-04,North America,Basic,Social Media,19,9,0,38,No,No,No,,,171
CUST-0837,2025-02-16,2025-02,Middle East,Enterprise,Organic Search,149,11,1,76,No,No,No,,,1639
CUST-0838,2025-09-25,2025-09,North America,Basic,Referral,19,4,2,65,No,No,No,,,76
CUST-0839,2025-05-09,2025-05,Europe,Pro,Paid Ads,49,8,1,71,No,No,No,,,392
CUST-0840,2025-01-06,2025-01,Europe,Basic,Organic Search,19,3,1,46,No,No,Yes,2025-03-06,Price too high,57
CUST-0841,2025-05-21,2025-05,Europe,Pro,Partner,49,2,1,54,Yes,No,Yes,2025-06-22,Switched competitor,98
CUST-0842,2025-11-20,2025-11,North America,Basic,Social Media,19,2,1,36,Yes,No,No,,,38
CUST-0843,2025-12-28,2025-12,Asia-Pacific,Pro,Organic Search,49,1,0,84,Yes,No,Yes,2025-12-31,Payment issue,49
CUST-0844,2025-05-23,2025-05,North America,Enterprise,Referral,149,8,3,79,No,No,No,,,1192
CUST-0845,2025-12-09,2025-12,North America,Basic,Social Media,19,1,2,66,Yes,Yes,No,,,19
CUST-0846,2025-12-19,2025-12,North America,Basic,Social Media,19,1,2,53,No,No,No,,,19
CUST-0847,2025-10-18,2025-10,North America,Pro,Partner,49,3,4,89,No,Yes,Yes,2025-12-31,Poor support experience,147
CUST-0848,2025-04-22,2025-04,Europe,Pro,Social Media,49,9,2,62,No,No,No,,,441
CUST-0849,2025-04-07,2025-04,North America,Basic,Partner,19,9,2,74,Yes,No,No,,,171
CUST-0850,2025-10-19,2025-10,Middle East,Basic,Paid Ads,19,3,3,25,No,No,No,,,57
CUST-0851,2025-02-16,2025-02,North America,Basic,Organic Search,19,11,2,95,No,No,No,,,209
CUST-0852,2025-09-01,2025-09,Middle East,Basic,Organic Search,19,2,3,47,No,Yes,Yes,2025-10-05,Low product usage,38
CUST-0853,2025-10-22,2025-10,Middle East,Pro,Paid Ads,49,3,1,96,No,No,Yes,2025-12-19,Poor support experience,147
CUST-0854,2025-09-17,2025-09,Europe,Basic,Organic Search,19,4,0,43,Yes,Yes,No,,,76
CUST-0855,2025-10-18,2025-10,North America,Pro,Paid Ads,49,3,5,56,No,No,Yes,2025-12-31,Poor support experience,147
CUST-0856,2025-04-13,2025-04,North America,Enterprise,Organic Search,149,9,1,88,No,No,No,,,1341
CUST-0857,2025-12-09,2025-12,Europe,Basic,Organic Search,19,1,3,46,No,No,No,,,19
CUST-0858,2025-06-17,2025-06,Asia-Pacific,Enterprise,Referral,149,7,0,84,No,No,No,,,1043
CUST-0859,2025-01-01,2025-01,Middle East,Pro,Partner,49,8,1,60,No,No,Yes,2025-08-30,Price too high,392
CUST-0860,2025-07-23,2025-07,Asia-Pacific,Pro,Paid Ads,49,3,3,81,No,No,Yes,2025-09-21,Price too high,147
CUST-0861,2025-09-17,2025-09,Europe,Basic,Paid Ads,19,4,3,50,No,No,No,,,76
CUST-0862,2025-08-19,2025-08,Middle East,Basic,Referral,19,5,4,15,Yes,Yes,Yes,2025-12-12,Low product usage,95
CUST-0863,2025-12-29,2025-12,North America,Pro,Social Media,49,1,1,48,Yes,No,Yes,2025-12-31,Payment issue,49
CUST-0864,2025-01-26,2025-01,Middle East,Enterprise,Organic Search,149,4,0,88,No,No,Yes,2025-04-26,Low product usage,596
CUST-0865,2025-01-19,2025-01,Europe,Pro,Organic Search,49,12,1,54,Yes,Yes,No,,,588
CUST-0866,2025-02-09,2025-02,North America,Basic,Referral,19,11,1,22,Yes,No,Yes,2025-12-07,Switched competitor,209
CUST-0867,2025-04-09,2025-04,Asia-Pacific,Pro,Referral,49,9,0,60,No,Yes,Yes,2025-12-06,Switched competitor,441
CUST-0868,2025-12-14,2025-12,North America,Basic,Organic Search,19,1,2,29,No,No,No,,,19
CUST-0869,2025-11-22,2025-11,North America,Basic,Organic Search,19,2,1,60,No,No,No,,,38
CUST-0870,2025-11-22,2025-11,Europe,Pro,Paid Ads,49,2,0,62,No,No,No,,,98
CUST-0871,2025-09-13,2025-09,Middle East,Basic,Referral,19,4,2,59,No,No,No,,,76
CUST-0872,2025-09-29,2025-09,North America,Basic,Organic Search,19,4,2,51,No,Yes,Yes,2025-12-31,Missing features,76
CUST-0873,2025-09-09,2025-09,Europe,Enterprise,Paid Ads,149,4,0,100,No,No,No,,,596
CUST-0874,2025-07-25,2025-07,Europe,Pro,Organic Search,49,6,2,59,No,No,No,,,294
CUST-0875,2025-04-26,2025-04,Europe,Pro,Paid Ads,49,9,2,50,No,Yes,No,,,441
CUST-0876,2025-07-30,2025-07,North America,Basic,Organic Search,19,4,1,41,Yes,No,Yes,2025-10-02,Low product usage,76
CUST-0877,2025-10-19,2025-10,Middle East,Pro,Partner,49,3,3,71,No,No,No,,,147
CUST-0878,2025-08-23,2025-08,Asia-Pacific,Basic,Organic Search,19,5,4,39,No,No,No,,,95
CUST-0879,2025-05-04,2025-05,Asia-Pacific,Pro,Paid Ads,49,4,3,83,No,No,Yes,2025-08-27,Poor support experience,196
CUST-0880,2025-07-28,2025-07,Asia-Pacific,Enterprise,Social Media,149,6,2,84,No,No,Yes,2025-12-27,Payment issue,894
CUST-0881,2025-01-31,2025-01,Europe,Basic,Social Media,19,4,2,38,No,No,Yes,2025-04-28,Poor support experience,76
CUST-0882,2025-10-24,2025-10,North America,Pro,Organic Search,49,3,0,76,No,No,No,,,147
CUST-0883,2025-02-07,2025-02,Middle East,Basic,Social Media,19,5,2,38,No,No,Yes,2025-06-04,Price too high,95
CUST-0884,2025-05-28,2025-05,Asia-Pacific,Basic,Referral,19,8,1,39,No,No,No,,,152
CUST-0885,2025-05-12,2025-05,North America,Pro,Organic Search,49,8,1,90,No,No,No,,,392
CUST-0886,2025-06-10,2025-06,Europe,Pro,Partner,49,4,0,38,No,No,Yes,2025-09-06,Low product usage,196
CUST-0887,2025-04-25,2025-04,Middle East,Basic,Referral,19,3,2,63,No,No,Yes,2025-06-27,Switched competitor,57
CUST-0888,2025-04-14,2025-04,North America,Basic,Referral,19,4,3,48,No,No,Yes,2025-07-08,Low product usage,76
CUST-0889,2025-09-25,2025-09,North America,Basic,Referral,19,3,1,30,No,No,Yes,2025-11-28,Low product usage,57
CUST-0890,2025-05-23,2025-05,North America,Basic,Social Media,19,8,4,70,No,Yes,No,,,152
CUST-0891,2025-04-11,2025-04,Europe,Basic,Paid Ads,19,2,3,69,No,No,Yes,2025-05-12,Switched competitor,38
CUST-0892,2025-02-27,2025-02,Europe,Pro,Referral,49,11,0,54,No,No,No,,,539
CUST-0893,2025-12-14,2025-12,North America,Pro,Paid Ads,49,1,4,61,No,No,No,,,49
CUST-0894,2025-08-29,2025-08,North America,Basic,Social Media,19,5,1,47,No,No,No,,,95
CUST-0895,2025-06-07,2025-06,North America,Basic,Paid Ads,19,7,3,64,No,No,No,,,133
CUST-0896,2025-09-22,2025-09,Middle East,Enterprise,Social Media,149,4,1,61,No,No,No,,,596
CUST-0897,2025-07-01,2025-07,North America,Pro,Organic Search,49,2,0,56,Yes,No,Yes,2025-08-01,Poor support experience,98
CUST-0898,2025-03-13,2025-03,Middle East,Enterprise,Organic Search,149,10,0,64,No,No,No,,,1490
CUST-0899,2025-05-05,2025-05,Middle East,Basic,Partner,19,7,0,30,No,No,Yes,2025-11-26,Missing features,133
CUST-0900,2025-05-22,2025-05,Europe,Pro,Organic Search,49,8,0,74,Yes,No,No,,,392
CUST-0901,2025-10-07,2025-10,North America,Pro,Paid Ads,49,3,1,71,No,Yes,No,,,147
CUST-0902,2025-07-04,2025-07,Europe,Enterprise,Social Media,149,5,1,94,No,No,Yes,2025-11-27,Missing features,745
CUST-0903,2025-08-07,2025-08,Europe,Basic,Organic Search,19,3,0,47,No,Yes,Yes,2025-10-09,Switched competitor,57
CUST-0904,2025-06-17,2025-06,Europe,Pro,Referral,49,7,0,46,No,No,No,,,343
CUST-0905,2025-04-08,2025-04,Middle East,Pro,Paid Ads,49,3,1,87,No,No,Yes,2025-06-12,Missing features,147
CUST-0906,2025-08-21,2025-08,Middle East,Pro,Social Media,49,3,1,69,No,Yes,Yes,2025-10-18,Low product usage,147
CUST-0907,2025-03-19,2025-03,North America,Basic,Referral,19,10,1,72,No,No,Yes,2025-12-18,Switched competitor,190
CUST-0908,2025-01-21,2025-01,Europe,Pro,Partner,49,12,1,81,No,No,No,,,588
CUST-0909,2025-04-17,2025-04,Europe,Basic,Paid Ads,19,9,2,71,No,Yes,No,,,171
CUST-0910,2025-06-12,2025-06,North America,Basic,Organic Search,19,2,0,54,No,No,Yes,2025-07-13,Payment issue,38
CUST-0911,2025-07-24,2025-07,North America,Enterprise,Paid Ads,149,6,1,82,No,No,Yes,2025-12-31,Poor support experience,894
CUST-0912,2025-06-15,2025-06,Asia-Pacific,Basic,Organic Search,19,2,3,56,Yes,No,Yes,2025-07-19,Payment issue,38
CUST-0913,2025-12-05,2025-12,Middle East,Basic,Social Media,19,1,1,60,No,Yes,No,,,19
CUST-0914,2025-12-09,2025-12,Asia-Pacific,Basic,Organic Search,19,1,2,72,No,No,No,,,19
CUST-0915,2025-05-16,2025-05,North America,Pro,Organic Search,49,8,3,71,No,Yes,No,,,392
CUST-0916,2025-08-03,2025-08,North America,Enterprise,Paid Ads,149,5,3,72,No,No,No,,,745
CUST-0917,2025-03-07,2025-03,Europe,Basic,Partner,19,10,1,47,No,No,No,,,190
CUST-0918,2025-05-08,2025-05,North America,Basic,Referral,19,8,0,97,No,No,No,,,152
CUST-0919,2025-01-18,2025-01,Middle East,Pro,Referral,49,5,2,19,Yes,No,Yes,2025-05-20,Low product usage,245
CUST-0920,2025-06-26,2025-06,Asia-Pacific,Basic,Partner,19,7,0,86,No,No,No,,,133
CUST-0921,2025-06-24,2025-06,Europe,Pro,Paid Ads,49,2,0,45,No,No,Yes,2025-07-24,Low product usage,98
CUST-0922,2025-01-14,2025-01,North America,Enterprise,Organic Search,149,12,0,78,No,No,No,,,1788
CUST-0923,2025-04-24,2025-04,North America,Pro,Social Media,49,2,0,62,No,No,Yes,2025-05-27,Low product usage,98
CUST-0924,2025-04-28,2025-04,Asia-Pacific,Pro,Organic Search,49,9,2,90,No,No,Yes,2025-12-25,Low product usage,441
CUST-0925,2025-09-25,2025-09,Asia-Pacific,Enterprise,Paid Ads,149,4,3,100,Yes,No,No,,,596
CUST-0926,2025-02-04,2025-02,Europe,Basic,Organic Search,19,8,3,27,No,No,Yes,2025-09-01,Price too high,152
CUST-0927,2025-07-25,2025-07,Middle East,Basic,Partner,19,2,3,70,No,No,Yes,2025-08-20,Missing features,38
CUST-0928,2025-09-26,2025-09,Middle East,Basic,Paid Ads,19,3,1,42,Yes,No,Yes,2025-11-25,Payment issue,57
CUST-0929,2025-01-21,2025-01,Asia-Pacific,Basic,Organic Search,19,12,0,59,No,No,No,,,228
CUST-0930,2025-08-04,2025-08,North America,Basic,Social Media,19,5,3,30,No,No,Yes,2025-12-31,Low product usage,95
CUST-0931,2025-09-11,2025-09,Europe,Basic,Organic Search,19,4,4,54,No,No,No,,,76
CUST-0932,2025-01-22,2025-01,Europe,Pro,Social Media,49,12,3,61,No,No,No,,,588
CUST-0933,2025-11-18,2025-11,Europe,Pro,Partner,49,2,1,79,No,No,No,,,98
CUST-0934,2025-01-15,2025-01,Asia-Pacific,Pro,Organic Search,49,3,2,52,No,No,Yes,2025-03-18,Poor support experience,147
CUST-0935,2025-11-22,2025-11,Middle East,Basic,Organic Search,19,2,2,32,No,No,No,,,38
CUST-0936,2025-09-13,2025-09,North America,Pro,Referral,49,2,1,33,No,No,Yes,2025-10-09,Missing features,98
CUST-0937,2025-06-10,2025-06,Middle East,Pro,Social Media,49,6,2,100,No,No,Yes,2025-11-05,Missing features,294
CUST-0938,2025-09-17,2025-09,Europe,Pro,Social Media,49,4,0,63,No,No,No,,,196
CUST-0939,2025-05-15,2025-05,North America,Basic,Paid Ads,19,8,3,68,No,No,No,,,152
CUST-0940,2025-03-21,2025-03,North America,Pro,Paid Ads,49,4,3,23,No,No,Yes,2025-06-17,Switched competitor,196
CUST-0941,2025-11-10,2025-11,Europe,Basic,Paid Ads,19,2,3,54,No,No,No,,,38
CUST-0942,2025-07-18,2025-07,Middle East,Pro,Partner,49,6,2,54,No,No,No,,,294
CUST-0943,2025-12-26,2025-12,Europe,Basic,Organic Search,19,1,4,51,No,No,No,,,19
CUST-0944,2025-11-06,2025-11,North America,Basic,Referral,19,2,4,50,No,No,No,,,38
CUST-0945,2025-08-13,2025-08,Europe,Basic,Partner,19,5,2,75,No,Yes,Yes,2025-12-31,Missing features,95
CUST-0946,2025-01-15,2025-01,Europe,Pro,Referral,49,12,5,49,No,No,Yes,2025-12-15,Price too high,588
CUST-0947,2025-07-03,2025-07,Middle East,Pro,Organic Search,49,6,3,75,No,No,Yes,2025-12-02,Poor support experience,294
CUST-0948,2025-06-19,2025-06,Asia-Pacific,Basic,Referral,19,2,3,49,No,No,Yes,2025-07-19,Price too high,38
CUST-0949,2025-06-09,2025-06,Middle East,Basic,Social Media,19,7,1,55,No,Yes,Yes,2025-12-10,Price too high,133
CUST-0950,2025-10-13,2025-10,Europe,Basic,Organic Search,19,2,3,49,Yes,No,Yes,2025-11-16,Payment issue,38
CUST-0951,2025-02-05,2025-02,North America,Enterprise,Referral,149,10,1,87,No,No,Yes,2025-11-27,Switched competitor,1490
CUST-0952,2025-03-03,2025-03,North America,Pro,Organic Search,49,10,1,77,No,No,No,,,490
CUST-0953,2025-10-11,2025-10,North America,Basic,Organic Search,19,2,3,49,No,Yes,Yes,2025-11-12,Payment issue,38
CUST-0954,2025-12-04,2025-12,Asia-Pacific,Pro,Organic Search,49,1,0,64,No,No,No,,,49
CUST-0955,2025-09-30,2025-09,Middle East,Pro,Referral,49,4,1,77,No,No,No,,,196
CUST-0956,2025-09-09,2025-09,Europe,Basic,Referral,19,4,0,100,No,No,No,,,76
CUST-0957,2025-06-07,2025-06,Middle East,Enterprise,Referral,149,7,1,89,Yes,Yes,No,,,1043
CUST-0958,2025-09-18,2025-09,North America,Pro,Paid Ads,49,4,0,30,Yes,No,Yes,2025-12-15,Low product usage,196
CUST-0959,2025-10-20,2025-10,North America,Pro,Partner,49,3,2,94,No,Yes,No,,,147
CUST-0960,2025-04-01,2025-04,Asia-Pacific,Enterprise,Paid Ads,149,9,1,71,No,No,No,,,1341
CUST-0961,2025-05-20,2025-05,North America,Basic,Social Media,19,3,0,79,No,No,Yes,2025-07-20,Price too high,57
CUST-0962,2025-08-18,2025-08,Middle East,Basic,Organic Search,19,5,2,61,No,Yes,No,,,95
CUST-0963,2025-12-22,2025-12,Europe,Basic,Organic Search,19,1,1,51,Yes,No,No,,,19
CUST-0964,2025-02-14,2025-02,Europe,Pro,Organic Search,49,11,3,67,No,No,Yes,2025-12-14,Poor support experience,539
CUST-0965,2025-04-07,2025-04,Middle East,Pro,Organic Search,49,5,2,68,No,No,Yes,2025-08-06,Price too high,245
CUST-0966,2025-05-30,2025-05,North America,Basic,Referral,19,8,1,79,Yes,No,Yes,2025-12-31,Payment issue,152
CUST-0967,2025-11-13,2025-11,Middle East,Pro,Paid Ads,49,2,4,77,No,Yes,Yes,2025-12-08,Payment issue,98
CUST-0968,2025-10-18,2025-10,North America,Basic,Referral,19,3,1,52,No,No,No,,,57
CUST-0969,2025-11-12,2025-11,Asia-Pacific,Basic,Organic Search,19,2,1,55,No,No,No,,,38
CUST-0970,2025-08-21,2025-08,Europe,Pro,Organic Search,49,4,1,59,No,No,Yes,2025-11-18,Price too high,196
CUST-0971,2025-08-24,2025-08,Asia-Pacific,Basic,Social Media,19,5,2,54,No,Yes,No,,,95
CUST-0972,2025-08-26,2025-08,North America,Basic,Paid Ads,19,5,2,42,No,Yes,No,,,95
CUST-0973,2025-10-08,2025-10,Middle East,Enterprise,Paid Ads,149,3,0,92,No,No,No,,,447
CUST-0974,2025-11-16,2025-11,North America,Basic,Paid Ads,19,2,3,38,No,No,Yes,2025-12-31,Low product usage,38
CUST-0975,2025-12-08,2025-12,Asia-Pacific,Basic,Referral,19,1,2,29,No,No,No,,,19
CUST-0976,2025-06-12,2025-06,Asia-Pacific,Basic,Organic Search,19,6,3,48,No,No,Yes,2025-11-04,Switched competitor,114
CUST-0977,2025-01-28,2025-01,North America,Basic,Partner,19,12,0,78,No,No,No,,,228
CUST-0978,2025-03-02,2025-03,Middle East,Pro,Organic Search,49,10,0,61,No,No,No,,,490
CUST-0979,2025-01-11,2025-01,Asia-Pacific,Pro,Paid Ads,49,12,0,76,No,Yes,No,,,588
CUST-0980,2025-12-09,2025-12,Middle East,Basic,Organic Search,19,1,2,24,No,No,No,,,19
CUST-0981,2025-11-15,2025-11,Europe,Enterprise,Organic Search,149,2,1,66,No,No,No,,,298
CUST-0982,2025-03-27,2025-03,North America,Basic,Organic Search,19,4,0,61,Yes,No,Yes,2025-06-28,Price too high,76
CUST-0983,2025-11-16,2025-11,Europe,Basic,Organic Search,19,2,2,74,No,No,No,,,38
CUST-0984,2025-07-07,2025-07,Asia-Pacific,Pro,Social Media,49,6,0,77,No,No,No,,,294
CUST-0985,2025-12-08,2025-12,Asia-Pacific,Enterprise,Social Media,149,1,1,77,No,No,No,,,149
CUST-0986,2025-02-03,2025-02,Asia-Pacific,Basic,Social Media,19,4,2,53,Yes,No,Yes,2025-05-09,Switched competitor,76
CUST-0987,2025-08-24,2025-08,North America,Pro,Referral,49,5,1,64,No,No,No,,,245
CUST-0988,2025-12-18,2025-12,North America,Basic,Organic Search,19,1,1,74,No,Yes,No,,,19
CUST-0989,2025-11-06,2025-11,Europe,Pro,Referral,49,2,0,48,No,No,Yes,2025-12-04,Price too high,98
CUST-0990,2025-10-05,2025-10,North America,Pro,Organic Search,49,3,1,56,No,No,No,,,147
CUST-0991,2025-06-01,2025-06,Europe,Pro,Organic Search,49,7,0,82,No,No,No,,,343
CUST-0992,2025-01-31,2025-01,Asia-Pacific,Pro,Organic Search,49,3,1,39,Yes,No,Yes,2025-03-06,Poor support experience,147
CUST-0993,2025-07-05,2025-07,Middle East,Pro,Partner,49,6,0,55,No,No,No,,,294
CUST-0994,2025-04-27,2025-04,North America,Pro,Paid Ads,49,9,0,72,No,No,Yes,2025-12-20,Payment issue,441
CUST-0995,2025-07-15,2025-07,Middle East,Enterprise,Paid Ads,149,4,3,78,No,No,Yes,2025-10-14,Low product usage,596
CUST-0996,2025-05-19,2025-05,North America,Basic,Paid Ads,19,8,1,97,No,Yes,No,,,152
CUST-0997,2025-02-04,2025-02,Middle East,Enterprise,Referral,149,11,2,92,No,No,No,,,1639
CUST-0998,2025-12-19,2025-12,Europe,Enterprise,Partner,149,1,2,83,No,No,No,,,149
CUST-0999,2025-04-30,2025-04,Asia-Pacific,Enterprise,Referral,149,9,2,64,No,No,No,,,1341
CUST-1000,2025-05-08,2025-05,Europe,Basic,Organic Search,19,2,1,54,No,No,Yes,2025-06-09,Low product usage,38
